2026-04-16 19:35:27.264144: I tensorflow/core/util/port.cc:153] oneDNN custom operations are on. You may see slightly different numerical results due to floating-point round-off errors from different computation orders. To turn them off, set the environment variable `TF_ENABLE_ONEDNN_OPTS=0`.
2026-04-16 19:35:32.227163: I tensorflow/core/util/port.cc:153] oneDNN custom operations are on. You may see slightly different numerical results due to floating-point round-off errors from different computation orders. To turn them off, set the environment variable `TF_ENABLE_ONEDNN_OPTS=0`.
INFO:     Started server process [16548]
INFO:     Waiting for application startup.
2026-04-16 19:36:01.301115: I tensorflow/core/platform/cpu_feature_guard.cc:210] This TensorFlow binary is optimized to use available CPU instructions in performance-critical operations.
To enable the following instructions: SSE3 SSE4.1 SSE4.2 AVX AVX2 FMA, in other operations, rebuild TensorFlow with the appropriate compiler flags.
C:\Users\vishn\AppData\Local\Programs\Python\Python310\lib\site-packages\sklearn\base.py:442: InconsistentVersionWarning: Trying to unpickle estimator ExtraTreeRegressor from version 1.8.0 when using version 1.7.2. This might lead to breaking code or invalid results. Use at your own risk. For more info please refer to:
https://scikit-learn.org/stable/model_persistence.html#security-maintainability-limitations
  warnings.warn(
C:\Users\vishn\AppData\Local\Programs\Python\Python310\lib\site-packages\sklearn\base.py:442: InconsistentVersionWarning: Trying to unpickle estimator IsolationForest from version 1.8.0 when using version 1.7.2. This might lead to breaking code or invalid results. Use at your own risk. For more info please refer to:
https://scikit-learn.org/stable/model_persistence.html#security-maintainability-limitations
  warnings.warn(
C:\Users\vishn\AppData\Local\Programs\Python\Python310\lib\site-packages\sklearn\base.py:442: InconsistentVersionWarning: Trying to unpickle estimator DecisionTreeClassifier from version 1.8.0 when using version 1.7.2. This might lead to breaking code or invalid results. Use at your own risk. For more info please refer to:
https://scikit-learn.org/stable/model_persistence.html#security-maintainability-limitations
  warnings.warn(
C:\Users\vishn\AppData\Local\Programs\Python\Python310\lib\site-packages\sklearn\base.py:442: InconsistentVersionWarning: Trying to unpickle estimator RandomForestClassifier from version 1.8.0 when using version 1.7.2. This might lead to breaking code or invalid results. Use at your own risk. For more info please refer to:
https://scikit-learn.org/stable/model_persistence.html#security-maintainability-limitations
  warnings.warn(
C:\Users\vishn\Desktop\College\SEMISTER\CSE 6th SEM\Data Science\Project 1\electricity_theft_and_anomaly_detection\api\main.py:350: FutureWarning: The behavior of DataFrame concatenation with empty or all-NA entries is deprecated. In a future version, this will no longer exclude empty or all-NA columns when determining the result dtypes. To retain the old behavior, exclude the relevant entries before the concat operation.
  return pd.concat([history_slice, recent_slice], ignore_index=True)
C:\Users\vishn\AppData\Local\Programs\Python\Python310\lib\site-packages\numpy\lib\_function_base_impl.py:3045: RuntimeWarning: invalid value encountered in divide
  c /= stddev[:, None]
C:\Users\vishn\AppData\Local\Programs\Python\Python310\lib\site-packages\numpy\lib\_function_base_impl.py:3046: RuntimeWarning: invalid value encountered in divide
  c /= stddev[None, :]
C:\Users\vishn\AppData\Local\Programs\Python\Python310\lib\site-packages\numpy\lib\_function_base_impl.py:3045: RuntimeWarning: invalid value encountered in divide
  c /= stddev[:, None]
C:\Users\vishn\AppData\Local\Programs\Python\Python310\lib\site-packages\numpy\lib\_function_base_impl.py:3046: RuntimeWarning: invalid value encountered in divide
  c /= stddev[None, :]
C:\Users\vishn\AppData\Local\Programs\Python\Python310\lib\site-packages\numpy\lib\_function_base_impl.py:3045: RuntimeWarning: invalid value encountered in divide
  c /= stddev[:, None]
C:\Users\vishn\AppData\Local\Programs\Python\Python310\lib\site-packages\numpy\lib\_function_base_impl.py:3046: RuntimeWarning: invalid value encountered in divide
  c /= stddev[None, :]
C:\Users\vishn\AppData\Local\Programs\Python\Python310\lib\site-packages\numpy\lib\_function_base_impl.py:3045: RuntimeWarning: invalid value encountered in divide
  c /= stddev[:, None]
C:\Users\vishn\AppData\Local\Programs\Python\Python310\lib\site-packages\numpy\lib\_function_base_impl.py:3046: RuntimeWarning: invalid value encountered in divide
  c /= stddev[None, :]
INFO:     Application startup complete.
INFO:     Uvicorn running on http://127.0.0.1:8000 (Press CTRL+C to quit)
C:\Users\vishn\AppData\Local\Programs\Python\Python310\lib\site-packages\sklearn\base.py:442: InconsistentVersionWarning: Trying to unpickle estimator ExtraTreeRegressor from version 1.8.0 when using version 1.7.2. This might lead to breaking code or invalid results. Use at your own risk. For more info please refer to:
https://scikit-learn.org/stable/model_persistence.html#security-maintainability-limitations
  warnings.warn(
C:\Users\vishn\AppData\Local\Programs\Python\Python310\lib\site-packages\sklearn\base.py:442: InconsistentVersionWarning: Trying to unpickle estimator IsolationForest from version 1.8.0 when using version 1.7.2. This might lead to breaking code or invalid results. Use at your own risk. For more info please refer to:
https://scikit-learn.org/stable/model_persistence.html#security-maintainability-limitations
  warnings.warn(
C:\Users\vishn\AppData\Local\Programs\Python\Python310\lib\site-packages\sklearn\base.py:442: InconsistentVersionWarning: Trying to unpickle estimator DecisionTreeClassifier from version 1.8.0 when using version 1.7.2. This might lead to breaking code or invalid results. Use at your own risk. For more info please refer to:
https://scikit-learn.org/stable/model_persistence.html#security-maintainability-limitations
  warnings.warn(
C:\Users\vishn\AppData\Local\Programs\Python\Python310\lib\site-packages\sklearn\base.py:442: InconsistentVersionWarning: Trying to unpickle estimator RandomForestClassifier from version 1.8.0 when using version 1.7.2. This might lead to breaking code or invalid results. Use at your own risk. For more info please refer to:
https://scikit-learn.org/stable/model_persistence.html#security-maintainability-limitations
  warnings.warn(
C:\Users\vishn\Desktop\College\SEMISTER\CSE 6th SEM\Data Science\Project 1\electricity_theft_and_anomaly_detection\api\main.py:350: FutureWarning: The behavior of DataFrame concatenation with empty or all-NA entries is deprecated. In a future version, this will no longer exclude empty or all-NA columns when determining the result dtypes. To retain the old behavior, exclude the relevant entries before the concat operation.
  return pd.concat([history_slice, recent_slice], ignore_index=True)
C:\Users\vishn\AppData\Local\Programs\Python\Python310\lib\site-packages\numpy\lib\_function_base_impl.py:3045: RuntimeWarning: invalid value encountered in divide
  c /= stddev[:, None]
C:\Users\vishn\AppData\Local\Programs\Python\Python310\lib\site-packages\numpy\lib\_function_base_impl.py:3046: RuntimeWarning: invalid value encountered in divide
  c /= stddev[None, :]
C:\Users\vishn\AppData\Local\Programs\Python\Python310\lib\site-packages\numpy\lib\_function_base_impl.py:3045: RuntimeWarning: invalid value encountered in divide
  c /= stddev[:, None]
C:\Users\vishn\AppData\Local\Programs\Python\Python310\lib\site-packages\numpy\lib\_function_base_impl.py:3046: RuntimeWarning: invalid value encountered in divide
  c /= stddev[None, :]
C:\Users\vishn\AppData\Local\Programs\Python\Python310\lib\site-packages\numpy\lib\_function_base_impl.py:3045: RuntimeWarning: invalid value encountered in divide
  c /= stddev[:, None]
C:\Users\vishn\AppData\Local\Programs\Python\Python310\lib\site-packages\numpy\lib\_function_base_impl.py:3046: RuntimeWarning: invalid value encountered in divide
  c /= stddev[None, :]
C:\Users\vishn\AppData\Local\Programs\Python\Python310\lib\site-packages\numpy\lib\_function_base_impl.py:3045: RuntimeWarning: invalid value encountered in divide
  c /= stddev[:, None]
C:\Users\vishn\AppData\Local\Programs\Python\Python310\lib\site-packages\numpy\lib\_function_base_impl.py:3046: RuntimeWarning: invalid value encountered in divide
  c /= stddev[None, :]
C:\Users\vishn\AppData\Local\Programs\Python\Python310\lib\site-packages\sklearn\base.py:442: InconsistentVersionWarning: Trying to unpickle estimator ExtraTreeRegressor from version 1.8.0 when using version 1.7.2. This might lead to breaking code or invalid results. Use at your own risk. For more info please refer to:
https://scikit-learn.org/stable/model_persistence.html#security-maintainability-limitations
  warnings.warn(
C:\Users\vishn\AppData\Local\Programs\Python\Python310\lib\site-packages\sklearn\base.py:442: InconsistentVersionWarning: Trying to unpickle estimator IsolationForest from version 1.8.0 when using version 1.7.2. This might lead to breaking code or invalid results. Use at your own risk. For more info please refer to:
https://scikit-learn.org/stable/model_persistence.html#security-maintainability-limitations
  warnings.warn(
C:\Users\vishn\AppData\Local\Programs\Python\Python310\lib\site-packages\sklearn\base.py:442: InconsistentVersionWarning: Trying to unpickle estimator DecisionTreeClassifier from version 1.8.0 when using version 1.7.2. This might lead to breaking code or invalid results. Use at your own risk. For more info please refer to:
https://scikit-learn.org/stable/model_persistence.html#security-maintainability-limitations
  warnings.warn(
C:\Users\vishn\AppData\Local\Programs\Python\Python310\lib\site-packages\sklearn\base.py:442: InconsistentVersionWarning: Trying to unpickle estimator RandomForestClassifier from version 1.8.0 when using version 1.7.2. This might lead to breaking code or invalid results. Use at your own risk. For more info please refer to:
https://scikit-learn.org/stable/model_persistence.html#security-maintainability-limitations
  warnings.warn(
C:\Users\vishn\Desktop\College\SEMISTER\CSE 6th SEM\Data Science\Project 1\electricity_theft_and_anomaly_detection\api\main.py:350: FutureWarning: The behavior of DataFrame concatenation with empty or all-NA entries is deprecated. In a future version, this will no longer exclude empty or all-NA columns when determining the result dtypes. To retain the old behavior, exclude the relevant entries before the concat operation.
  return pd.concat([history_slice, recent_slice], ignore_index=True)
C:\Users\vishn\AppData\Local\Programs\Python\Python310\lib\site-packages\numpy\lib\_function_base_impl.py:3045: RuntimeWarning: invalid value encountered in divide
  c /= stddev[:, None]
C:\Users\vishn\AppData\Local\Programs\Python\Python310\lib\site-packages\numpy\lib\_function_base_impl.py:3046: RuntimeWarning: invalid value encountered in divide
  c /= stddev[None, :]
C:\Users\vishn\AppData\Local\Programs\Python\Python310\lib\site-packages\numpy\lib\_function_base_impl.py:3045: RuntimeWarning: invalid value encountered in divide
  c /= stddev[:, None]
C:\Users\vishn\AppData\Local\Programs\Python\Python310\lib\site-packages\numpy\lib\_function_base_impl.py:3046: RuntimeWarning: invalid value encountered in divide
  c /= stddev[None, :]
C:\Users\vishn\AppData\Local\Programs\Python\Python310\lib\site-packages\numpy\lib\_function_base_impl.py:3045: RuntimeWarning: invalid value encountered in divide
  c /= stddev[:, None]
C:\Users\vishn\AppData\Local\Programs\Python\Python310\lib\site-packages\numpy\lib\_function_base_impl.py:3046: RuntimeWarning: invalid value encountered in divide
  c /= stddev[None, :]
C:\Users\vishn\AppData\Local\Programs\Python\Python310\lib\site-packages\numpy\lib\_function_base_impl.py:3045: RuntimeWarning: invalid value encountered in divide
  c /= stddev[:, None]
C:\Users\vishn\AppData\Local\Programs\Python\Python310\lib\site-packages\numpy\lib\_function_base_impl.py:3046: RuntimeWarning: invalid value encountered in divide
  c /= stddev[None, :]
C:\Users\vishn\AppData\Local\Programs\Python\Python310\lib\site-packages\sklearn\base.py:442: InconsistentVersionWarning: Trying to unpickle estimator ExtraTreeRegressor from version 1.8.0 when using version 1.7.2. This might lead to breaking code or invalid results. Use at your own risk. For more info please refer to:
https://scikit-learn.org/stable/model_persistence.html#security-maintainability-limitations
  warnings.warn(
C:\Users\vishn\AppData\Local\Programs\Python\Python310\lib\site-packages\sklearn\base.py:442: InconsistentVersionWarning: Trying to unpickle estimator IsolationForest from version 1.8.0 when using version 1.7.2. This might lead to breaking code or invalid results. Use at your own risk. For more info please refer to:
https://scikit-learn.org/stable/model_persistence.html#security-maintainability-limitations
  warnings.warn(
C:\Users\vishn\AppData\Local\Programs\Python\Python310\lib\site-packages\sklearn\base.py:442: InconsistentVersionWarning: Trying to unpickle estimator DecisionTreeClassifier from version 1.8.0 when using version 1.7.2. This might lead to breaking code or invalid results. Use at your own risk. For more info please refer to:
https://scikit-learn.org/stable/model_persistence.html#security-maintainability-limitations
  warnings.warn(
C:\Users\vishn\AppData\Local\Programs\Python\Python310\lib\site-packages\sklearn\base.py:442: InconsistentVersionWarning: Trying to unpickle estimator RandomForestClassifier from version 1.8.0 when using version 1.7.2. This might lead to breaking code or invalid results. Use at your own risk. For more info please refer to:
https://scikit-learn.org/stable/model_persistence.html#security-maintainability-limitations
  warnings.warn(
C:\Users\vishn\Desktop\College\SEMISTER\CSE 6th SEM\Data Science\Project 1\electricity_theft_and_anomaly_detection\api\main.py:350: FutureWarning: The behavior of DataFrame concatenation with empty or all-NA entries is deprecated. In a future version, this will no longer exclude empty or all-NA columns when determining the result dtypes. To retain the old behavior, exclude the relevant entries before the concat operation.
  return pd.concat([history_slice, recent_slice], ignore_index=True)
C:\Users\vishn\AppData\Local\Programs\Python\Python310\lib\site-packages\numpy\lib\_function_base_impl.py:3045: RuntimeWarning: invalid value encountered in divide
  c /= stddev[:, None]
C:\Users\vishn\AppData\Local\Programs\Python\Python310\lib\site-packages\numpy\lib\_function_base_impl.py:3046: RuntimeWarning: invalid value encountered in divide
  c /= stddev[None, :]
C:\Users\vishn\AppData\Local\Programs\Python\Python310\lib\site-packages\numpy\lib\_function_base_impl.py:3045: RuntimeWarning: invalid value encountered in divide
  c /= stddev[:, None]
C:\Users\vishn\AppData\Local\Programs\Python\Python310\lib\site-packages\numpy\lib\_function_base_impl.py:3046: RuntimeWarning: invalid value encountered in divide
  c /= stddev[None, :]
C:\Users\vishn\AppData\Local\Programs\Python\Python310\lib\site-packages\numpy\lib\_function_base_impl.py:3045: RuntimeWarning: invalid value encountered in divide
  c /= stddev[:, None]
C:\Users\vishn\AppData\Local\Programs\Python\Python310\lib\site-packages\numpy\lib\_function_base_impl.py:3046: RuntimeWarning: invalid value encountered in divide
  c /= stddev[None, :]
C:\Users\vishn\AppData\Local\Programs\Python\Python310\lib\site-packages\numpy\lib\_function_base_impl.py:3045: RuntimeWarning: invalid value encountered in divide
  c /= stddev[:, None]
C:\Users\vishn\AppData\Local\Programs\Python\Python310\lib\site-packages\numpy\lib\_function_base_impl.py:3046: RuntimeWarning: invalid value encountered in divide
  c /= stddev[None, :]
C:\Users\vishn\AppData\Local\Programs\Python\Python310\lib\site-packages\sklearn\base.py:442: InconsistentVersionWarning: Trying to unpickle estimator ExtraTreeRegressor from version 1.8.0 when using version 1.7.2. This might lead to breaking code or invalid results. Use at your own risk. For more info please refer to:
https://scikit-learn.org/stable/model_persistence.html#security-maintainability-limitations
  warnings.warn(
C:\Users\vishn\AppData\Local\Programs\Python\Python310\lib\site-packages\sklearn\base.py:442: InconsistentVersionWarning: Trying to unpickle estimator IsolationForest from version 1.8.0 when using version 1.7.2. This might lead to breaking code or invalid results. Use at your own risk. For more info please refer to:
https://scikit-learn.org/stable/model_persistence.html#security-maintainability-limitations
  warnings.warn(
C:\Users\vishn\AppData\Local\Programs\Python\Python310\lib\site-packages\sklearn\base.py:442: InconsistentVersionWarning: Trying to unpickle estimator DecisionTreeClassifier from version 1.8.0 when using version 1.7.2. This might lead to breaking code or invalid results. Use at your own risk. For more info please refer to:
https://scikit-learn.org/stable/model_persistence.html#security-maintainability-limitations
  warnings.warn(
C:\Users\vishn\AppData\Local\Programs\Python\Python310\lib\site-packages\sklearn\base.py:442: InconsistentVersionWarning: Trying to unpickle estimator RandomForestClassifier from version 1.8.0 when using version 1.7.2. This might lead to breaking code or invalid results. Use at your own risk. For more info please refer to:
https://scikit-learn.org/stable/model_persistence.html#security-maintainability-limitations
  warnings.warn(
C:\Users\vishn\Desktop\College\SEMISTER\CSE 6th SEM\Data Science\Project 1\electricity_theft_and_anomaly_detection\api\main.py:350: FutureWarning: The behavior of DataFrame concatenation with empty or all-NA entries is deprecated. In a future version, this will no longer exclude empty or all-NA columns when determining the result dtypes. To retain the old behavior, exclude the relevant entries before the concat operation.
  return pd.concat([history_slice, recent_slice], ignore_index=True)
C:\Users\vishn\AppData\Local\Programs\Python\Python310\lib\site-packages\numpy\lib\_function_base_impl.py:3045: RuntimeWarning: invalid value encountered in divide
  c /= stddev[:, None]
C:\Users\vishn\AppData\Local\Programs\Python\Python310\lib\site-packages\numpy\lib\_function_base_impl.py:3046: RuntimeWarning: invalid value encountered in divide
  c /= stddev[None, :]
C:\Users\vishn\AppData\Local\Programs\Python\Python310\lib\site-packages\numpy\lib\_function_base_impl.py:3045: RuntimeWarning: invalid value encountered in divide
  c /= stddev[:, None]
C:\Users\vishn\AppData\Local\Programs\Python\Python310\lib\site-packages\numpy\lib\_function_base_impl.py:3046: RuntimeWarning: invalid value encountered in divide
  c /= stddev[None, :]
C:\Users\vishn\AppData\Local\Programs\Python\Python310\lib\site-packages\numpy\lib\_function_base_impl.py:3045: RuntimeWarning: invalid value encountered in divide
  c /= stddev[:, None]
C:\Users\vishn\AppData\Local\Programs\Python\Python310\lib\site-packages\numpy\lib\_function_base_impl.py:3046: RuntimeWarning: invalid value encountered in divide
  c /= stddev[None, :]
C:\Users\vishn\AppData\Local\Programs\Python\Python310\lib\site-packages\numpy\lib\_function_base_impl.py:3045: RuntimeWarning: invalid value encountered in divide
  c /= stddev[:, None]
C:\Users\vishn\AppData\Local\Programs\Python\Python310\lib\site-packages\numpy\lib\_function_base_impl.py:3046: RuntimeWarning: invalid value encountered in divide
  c /= stddev[None, :]
C:\Users\vishn\AppData\Local\Programs\Python\Python310\lib\site-packages\sklearn\base.py:442: InconsistentVersionWarning: Trying to unpickle estimator ExtraTreeRegressor from version 1.8.0 when using version 1.7.2. This might lead to breaking code or invalid results. Use at your own risk. For more info please refer to:
https://scikit-learn.org/stable/model_persistence.html#security-maintainability-limitations
  warnings.warn(
C:\Users\vishn\AppData\Local\Programs\Python\Python310\lib\site-packages\sklearn\base.py:442: InconsistentVersionWarning: Trying to unpickle estimator IsolationForest from version 1.8.0 when using version 1.7.2. This might lead to breaking code or invalid results. Use at your own risk. For more info please refer to:
https://scikit-learn.org/stable/model_persistence.html#security-maintainability-limitations
  warnings.warn(
C:\Users\vishn\AppData\Local\Programs\Python\Python310\lib\site-packages\sklearn\base.py:442: InconsistentVersionWarning: Trying to unpickle estimator DecisionTreeClassifier from version 1.8.0 when using version 1.7.2. This might lead to breaking code or invalid results. Use at your own risk. For more info please refer to:
https://scikit-learn.org/stable/model_persistence.html#security-maintainability-limitations
  warnings.warn(
C:\Users\vishn\AppData\Local\Programs\Python\Python310\lib\site-packages\sklearn\base.py:442: InconsistentVersionWarning: Trying to unpickle estimator RandomForestClassifier from version 1.8.0 when using version 1.7.2. This might lead to breaking code or invalid results. Use at your own risk. For more info please refer to:
https://scikit-learn.org/stable/model_persistence.html#security-maintainability-limitations
  warnings.warn(
C:\Users\vishn\Desktop\College\SEMISTER\CSE 6th SEM\Data Science\Project 1\electricity_theft_and_anomaly_detection\api\main.py:350: FutureWarning: The behavior of DataFrame concatenation with empty or all-NA entries is deprecated. In a future version, this will no longer exclude empty or all-NA columns when determining the result dtypes. To retain the old behavior, exclude the relevant entries before the concat operation.
  return pd.concat([history_slice, recent_slice], ignore_index=True)
C:\Users\vishn\AppData\Local\Programs\Python\Python310\lib\site-packages\numpy\lib\_function_base_impl.py:3045: RuntimeWarning: invalid value encountered in divide
  c /= stddev[:, None]
C:\Users\vishn\AppData\Local\Programs\Python\Python310\lib\site-packages\numpy\lib\_function_base_impl.py:3046: RuntimeWarning: invalid value encountered in divide
  c /= stddev[None, :]
C:\Users\vishn\AppData\Local\Programs\Python\Python310\lib\site-packages\numpy\lib\_function_base_impl.py:3045: RuntimeWarning: invalid value encountered in divide
  c /= stddev[:, None]
C:\Users\vishn\AppData\Local\Programs\Python\Python310\lib\site-packages\numpy\lib\_function_base_impl.py:3046: RuntimeWarning: invalid value encountered in divide
  c /= stddev[None, :]
C:\Users\vishn\AppData\Local\Programs\Python\Python310\lib\site-packages\numpy\lib\_function_base_impl.py:3045: RuntimeWarning: invalid value encountered in divide
  c /= stddev[:, None]
C:\Users\vishn\AppData\Local\Programs\Python\Python310\lib\site-packages\numpy\lib\_function_base_impl.py:3046: RuntimeWarning: invalid value encountered in divide
  c /= stddev[None, :]
C:\Users\vishn\AppData\Local\Programs\Python\Python310\lib\site-packages\numpy\lib\_function_base_impl.py:3045: RuntimeWarning: invalid value encountered in divide
  c /= stddev[:, None]
C:\Users\vishn\AppData\Local\Programs\Python\Python310\lib\site-packages\numpy\lib\_function_base_impl.py:3046: RuntimeWarning: invalid value encountered in divide
  c /= stddev[None, :]
C:\Users\vishn\AppData\Local\Programs\Python\Python310\lib\site-packages\sklearn\base.py:442: InconsistentVersionWarning: Trying to unpickle estimator ExtraTreeRegressor from version 1.8.0 when using version 1.7.2. This might lead to breaking code or invalid results. Use at your own risk. For more info please refer to:
https://scikit-learn.org/stable/model_persistence.html#security-maintainability-limitations
  warnings.warn(
C:\Users\vishn\AppData\Local\Programs\Python\Python310\lib\site-packages\sklearn\base.py:442: InconsistentVersionWarning: Trying to unpickle estimator IsolationForest from version 1.8.0 when using version 1.7.2. This might lead to breaking code or invalid results. Use at your own risk. For more info please refer to:
https://scikit-learn.org/stable/model_persistence.html#security-maintainability-limitations
  warnings.warn(
C:\Users\vishn\AppData\Local\Programs\Python\Python310\lib\site-packages\sklearn\base.py:442: InconsistentVersionWarning: Trying to unpickle estimator DecisionTreeClassifier from version 1.8.0 when using version 1.7.2. This might lead to breaking code or invalid results. Use at your own risk. For more info please refer to:
https://scikit-learn.org/stable/model_persistence.html#security-maintainability-limitations
  warnings.warn(
C:\Users\vishn\AppData\Local\Programs\Python\Python310\lib\site-packages\sklearn\base.py:442: InconsistentVersionWarning: Trying to unpickle estimator RandomForestClassifier from version 1.8.0 when using version 1.7.2. This might lead to breaking code or invalid results. Use at your own risk. For more info please refer to:
https://scikit-learn.org/stable/model_persistence.html#security-maintainability-limitations
  warnings.warn(
C:\Users\vishn\Desktop\College\SEMISTER\CSE 6th SEM\Data Science\Project 1\electricity_theft_and_anomaly_detection\api\main.py:350: FutureWarning: The behavior of DataFrame concatenation with empty or all-NA entries is deprecated. In a future version, this will no longer exclude empty or all-NA columns when determining the result dtypes. To retain the old behavior, exclude the relevant entries before the concat operation.
  return pd.concat([history_slice, recent_slice], ignore_index=True)
C:\Users\vishn\AppData\Local\Programs\Python\Python310\lib\site-packages\numpy\lib\_function_base_impl.py:3045: RuntimeWarning: invalid value encountered in divide
  c /= stddev[:, None]
C:\Users\vishn\AppData\Local\Programs\Python\Python310\lib\site-packages\numpy\lib\_function_base_impl.py:3046: RuntimeWarning: invalid value encountered in divide
  c /= stddev[None, :]
C:\Users\vishn\AppData\Local\Programs\Python\Python310\lib\site-packages\numpy\lib\_function_base_impl.py:3045: RuntimeWarning: invalid value encountered in divide
  c /= stddev[:, None]
C:\Users\vishn\AppData\Local\Programs\Python\Python310\lib\site-packages\numpy\lib\_function_base_impl.py:3046: RuntimeWarning: invalid value encountered in divide
  c /= stddev[None, :]
C:\Users\vishn\AppData\Local\Programs\Python\Python310\lib\site-packages\numpy\lib\_function_base_impl.py:3045: RuntimeWarning: invalid value encountered in divide
  c /= stddev[:, None]
C:\Users\vishn\AppData\Local\Programs\Python\Python310\lib\site-packages\numpy\lib\_function_base_impl.py:3046: RuntimeWarning: invalid value encountered in divide
  c /= stddev[None, :]
C:\Users\vishn\AppData\Local\Programs\Python\Python310\lib\site-packages\numpy\lib\_function_base_impl.py:3045: RuntimeWarning: invalid value encountered in divide
  c /= stddev[:, None]
C:\Users\vishn\AppData\Local\Programs\Python\Python310\lib\site-packages\numpy\lib\_function_base_impl.py:3046: RuntimeWarning: invalid value encountered in divide
  c /= stddev[None, :]
C:\Users\vishn\AppData\Local\Programs\Python\Python310\lib\site-packages\sklearn\base.py:442: InconsistentVersionWarning: Trying to unpickle estimator ExtraTreeRegressor from version 1.8.0 when using version 1.7.2. This might lead to breaking code or invalid results. Use at your own risk. For more info please refer to:
https://scikit-learn.org/stable/model_persistence.html#security-maintainability-limitations
  warnings.warn(
C:\Users\vishn\AppData\Local\Programs\Python\Python310\lib\site-packages\sklearn\base.py:442: InconsistentVersionWarning: Trying to unpickle estimator IsolationForest from version 1.8.0 when using version 1.7.2. This might lead to breaking code or invalid results. Use at your own risk. For more info please refer to:
https://scikit-learn.org/stable/model_persistence.html#security-maintainability-limitations
  warnings.warn(
C:\Users\vishn\AppData\Local\Programs\Python\Python310\lib\site-packages\sklearn\base.py:442: InconsistentVersionWarning: Trying to unpickle estimator DecisionTreeClassifier from version 1.8.0 when using version 1.7.2. This might lead to breaking code or invalid results. Use at your own risk. For more info please refer to:
https://scikit-learn.org/stable/model_persistence.html#security-maintainability-limitations
  warnings.warn(
C:\Users\vishn\AppData\Local\Programs\Python\Python310\lib\site-packages\sklearn\base.py:442: InconsistentVersionWarning: Trying to unpickle estimator RandomForestClassifier from version 1.8.0 when using version 1.7.2. This might lead to breaking code or invalid results. Use at your own risk. For more info please refer to:
https://scikit-learn.org/stable/model_persistence.html#security-maintainability-limitations
  warnings.warn(
C:\Users\vishn\Desktop\College\SEMISTER\CSE 6th SEM\Data Science\Project 1\electricity_theft_and_anomaly_detection\api\main.py:350: FutureWarning: The behavior of DataFrame concatenation with empty or all-NA entries is deprecated. In a future version, this will no longer exclude empty or all-NA columns when determining the result dtypes. To retain the old behavior, exclude the relevant entries before the concat operation.
  return pd.concat([history_slice, recent_slice], ignore_index=True)
C:\Users\vishn\AppData\Local\Programs\Python\Python310\lib\site-packages\numpy\lib\_function_base_impl.py:3045: RuntimeWarning: invalid value encountered in divide
  c /= stddev[:, None]
C:\Users\vishn\AppData\Local\Programs\Python\Python310\lib\site-packages\numpy\lib\_function_base_impl.py:3046: RuntimeWarning: invalid value encountered in divide
  c /= stddev[None, :]
C:\Users\vishn\AppData\Local\Programs\Python\Python310\lib\site-packages\numpy\lib\_function_base_impl.py:3045: RuntimeWarning: invalid value encountered in divide
  c /= stddev[:, None]
C:\Users\vishn\AppData\Local\Programs\Python\Python310\lib\site-packages\numpy\lib\_function_base_impl.py:3046: RuntimeWarning: invalid value encountered in divide
  c /= stddev[None, :]
C:\Users\vishn\AppData\Local\Programs\Python\Python310\lib\site-packages\numpy\lib\_function_base_impl.py:3045: RuntimeWarning: invalid value encountered in divide
  c /= stddev[:, None]
C:\Users\vishn\AppData\Local\Programs\Python\Python310\lib\site-packages\numpy\lib\_function_base_impl.py:3046: RuntimeWarning: invalid value encountered in divide
  c /= stddev[None, :]
C:\Users\vishn\AppData\Local\Programs\Python\Python310\lib\site-packages\numpy\lib\_function_base_impl.py:3045: RuntimeWarning: invalid value encountered in divide
  c /= stddev[:, None]
C:\Users\vishn\AppData\Local\Programs\Python\Python310\lib\site-packages\numpy\lib\_function_base_impl.py:3046: RuntimeWarning: invalid value encountered in divide
  c /= stddev[None, :]
C:\Users\vishn\AppData\Local\Programs\Python\Python310\lib\site-packages\sklearn\base.py:442: InconsistentVersionWarning: Trying to unpickle estimator ExtraTreeRegressor from version 1.8.0 when using version 1.7.2. This might lead to breaking code or invalid results. Use at your own risk. For more info please refer to:
https://scikit-learn.org/stable/model_persistence.html#security-maintainability-limitations
  warnings.warn(
C:\Users\vishn\AppData\Local\Programs\Python\Python310\lib\site-packages\sklearn\base.py:442: InconsistentVersionWarning: Trying to unpickle estimator IsolationForest from version 1.8.0 when using version 1.7.2. This might lead to breaking code or invalid results. Use at your own risk. For more info please refer to:
https://scikit-learn.org/stable/model_persistence.html#security-maintainability-limitations
  warnings.warn(
C:\Users\vishn\AppData\Local\Programs\Python\Python310\lib\site-packages\sklearn\base.py:442: InconsistentVersionWarning: Trying to unpickle estimator DecisionTreeClassifier from version 1.8.0 when using version 1.7.2. This might lead to breaking code or invalid results. Use at your own risk. For more info please refer to:
https://scikit-learn.org/stable/model_persistence.html#security-maintainability-limitations
  warnings.warn(
C:\Users\vishn\AppData\Local\Programs\Python\Python310\lib\site-packages\sklearn\base.py:442: InconsistentVersionWarning: Trying to unpickle estimator RandomForestClassifier from version 1.8.0 when using version 1.7.2. This might lead to breaking code or invalid results. Use at your own risk. For more info please refer to:
https://scikit-learn.org/stable/model_persistence.html#security-maintainability-limitations
  warnings.warn(
C:\Users\vishn\Desktop\College\SEMISTER\CSE 6th SEM\Data Science\Project 1\electricity_theft_and_anomaly_detection\api\main.py:350: FutureWarning: The behavior of DataFrame concatenation with empty or all-NA entries is deprecated. In a future version, this will no longer exclude empty or all-NA columns when determining the result dtypes. To retain the old behavior, exclude the relevant entries before the concat operation.
  return pd.concat([history_slice, recent_slice], ignore_index=True)
C:\Users\vishn\AppData\Local\Programs\Python\Python310\lib\site-packages\numpy\lib\_function_base_impl.py:3045: RuntimeWarning: invalid value encountered in divide
  c /= stddev[:, None]
C:\Users\vishn\AppData\Local\Programs\Python\Python310\lib\site-packages\numpy\lib\_function_base_impl.py:3046: RuntimeWarning: invalid value encountered in divide
  c /= stddev[None, :]
C:\Users\vishn\AppData\Local\Programs\Python\Python310\lib\site-packages\numpy\lib\_function_base_impl.py:3045: RuntimeWarning: invalid value encountered in divide
  c /= stddev[:, None]
C:\Users\vishn\AppData\Local\Programs\Python\Python310\lib\site-packages\numpy\lib\_function_base_impl.py:3046: RuntimeWarning: invalid value encountered in divide
  c /= stddev[None, :]
C:\Users\vishn\AppData\Local\Programs\Python\Python310\lib\site-packages\numpy\lib\_function_base_impl.py:3045: RuntimeWarning: invalid value encountered in divide
  c /= stddev[:, None]
C:\Users\vishn\AppData\Local\Programs\Python\Python310\lib\site-packages\numpy\lib\_function_base_impl.py:3046: RuntimeWarning: invalid value encountered in divide
  c /= stddev[None, :]
C:\Users\vishn\AppData\Local\Programs\Python\Python310\lib\site-packages\numpy\lib\_function_base_impl.py:3045: RuntimeWarning: invalid value encountered in divide
  c /= stddev[:, None]
C:\Users\vishn\AppData\Local\Programs\Python\Python310\lib\site-packages\numpy\lib\_function_base_impl.py:3046: RuntimeWarning: invalid value encountered in divide
  c /= stddev[None, :]
C:\Users\vishn\AppData\Local\Programs\Python\Python310\lib\site-packages\sklearn\base.py:442: InconsistentVersionWarning: Trying to unpickle estimator ExtraTreeRegressor from version 1.8.0 when using version 1.7.2. This might lead to breaking code or invalid results. Use at your own risk. For more info please refer to:
https://scikit-learn.org/stable/model_persistence.html#security-maintainability-limitations
  warnings.warn(
C:\Users\vishn\AppData\Local\Programs\Python\Python310\lib\site-packages\sklearn\base.py:442: InconsistentVersionWarning: Trying to unpickle estimator IsolationForest from version 1.8.0 when using version 1.7.2. This might lead to breaking code or invalid results. Use at your own risk. For more info please refer to:
https://scikit-learn.org/stable/model_persistence.html#security-maintainability-limitations
  warnings.warn(
C:\Users\vishn\AppData\Local\Programs\Python\Python310\lib\site-packages\sklearn\base.py:442: InconsistentVersionWarning: Trying to unpickle estimator DecisionTreeClassifier from version 1.8.0 when using version 1.7.2. This might lead to breaking code or invalid results. Use at your own risk. For more info please refer to:
https://scikit-learn.org/stable/model_persistence.html#security-maintainability-limitations
  warnings.warn(
C:\Users\vishn\AppData\Local\Programs\Python\Python310\lib\site-packages\sklearn\base.py:442: InconsistentVersionWarning: Trying to unpickle estimator RandomForestClassifier from version 1.8.0 when using version 1.7.2. This might lead to breaking code or invalid results. Use at your own risk. For more info please refer to:
https://scikit-learn.org/stable/model_persistence.html#security-maintainability-limitations
  warnings.warn(
C:\Users\vishn\Desktop\College\SEMISTER\CSE 6th SEM\Data Science\Project 1\electricity_theft_and_anomaly_detection\api\main.py:350: FutureWarning: The behavior of DataFrame concatenation with empty or all-NA entries is deprecated. In a future version, this will no longer exclude empty or all-NA columns when determining the result dtypes. To retain the old behavior, exclude the relevant entries before the concat operation.
  return pd.concat([history_slice, recent_slice], ignore_index=True)
C:\Users\vishn\AppData\Local\Programs\Python\Python310\lib\site-packages\numpy\lib\_function_base_impl.py:3045: RuntimeWarning: invalid value encountered in divide
  c /= stddev[:, None]
C:\Users\vishn\AppData\Local\Programs\Python\Python310\lib\site-packages\numpy\lib\_function_base_impl.py:3046: RuntimeWarning: invalid value encountered in divide
  c /= stddev[None, :]
C:\Users\vishn\AppData\Local\Programs\Python\Python310\lib\site-packages\numpy\lib\_function_base_impl.py:3045: RuntimeWarning: invalid value encountered in divide
  c /= stddev[:, None]
C:\Users\vishn\AppData\Local\Programs\Python\Python310\lib\site-packages\numpy\lib\_function_base_impl.py:3046: RuntimeWarning: invalid value encountered in divide
  c /= stddev[None, :]
C:\Users\vishn\AppData\Local\Programs\Python\Python310\lib\site-packages\numpy\lib\_function_base_impl.py:3045: RuntimeWarning: invalid value encountered in divide
  c /= stddev[:, None]
C:\Users\vishn\AppData\Local\Programs\Python\Python310\lib\site-packages\numpy\lib\_function_base_impl.py:3046: RuntimeWarning: invalid value encountered in divide
  c /= stddev[None, :]
C:\Users\vishn\AppData\Local\Programs\Python\Python310\lib\site-packages\numpy\lib\_function_base_impl.py:3045: RuntimeWarning: invalid value encountered in divide
  c /= stddev[:, None]
C:\Users\vishn\AppData\Local\Programs\Python\Python310\lib\site-packages\numpy\lib\_function_base_impl.py:3046: RuntimeWarning: invalid value encountered in divide
  c /= stddev[None, :]
C:\Users\vishn\AppData\Local\Programs\Python\Python310\lib\site-packages\sklearn\base.py:442: InconsistentVersionWarning: Trying to unpickle estimator ExtraTreeRegressor from version 1.8.0 when using version 1.7.2. This might lead to breaking code or invalid results. Use at your own risk. For more info please refer to:
https://scikit-learn.org/stable/model_persistence.html#security-maintainability-limitations
  warnings.warn(
C:\Users\vishn\AppData\Local\Programs\Python\Python310\lib\site-packages\sklearn\base.py:442: InconsistentVersionWarning: Trying to unpickle estimator IsolationForest from version 1.8.0 when using version 1.7.2. This might lead to breaking code or invalid results. Use at your own risk. For more info please refer to:
https://scikit-learn.org/stable/model_persistence.html#security-maintainability-limitations
  warnings.warn(
C:\Users\vishn\AppData\Local\Programs\Python\Python310\lib\site-packages\sklearn\base.py:442: InconsistentVersionWarning: Trying to unpickle estimator DecisionTreeClassifier from version 1.8.0 when using version 1.7.2. This might lead to breaking code or invalid results. Use at your own risk. For more info please refer to:
https://scikit-learn.org/stable/model_persistence.html#security-maintainability-limitations
  warnings.warn(
C:\Users\vishn\AppData\Local\Programs\Python\Python310\lib\site-packages\sklearn\base.py:442: InconsistentVersionWarning: Trying to unpickle estimator RandomForestClassifier from version 1.8.0 when using version 1.7.2. This might lead to breaking code or invalid results. Use at your own risk. For more info please refer to:
https://scikit-learn.org/stable/model_persistence.html#security-maintainability-limitations
  warnings.warn(
C:\Users\vishn\Desktop\College\SEMISTER\CSE 6th SEM\Data Science\Project 1\electricity_theft_and_anomaly_detection\api\main.py:350: FutureWarning: The behavior of DataFrame concatenation with empty or all-NA entries is deprecated. In a future version, this will no longer exclude empty or all-NA columns when determining the result dtypes. To retain the old behavior, exclude the relevant entries before the concat operation.
  return pd.concat([history_slice, recent_slice], ignore_index=True)
C:\Users\vishn\AppData\Local\Programs\Python\Python310\lib\site-packages\numpy\lib\_function_base_impl.py:3045: RuntimeWarning: invalid value encountered in divide
  c /= stddev[:, None]
C:\Users\vishn\AppData\Local\Programs\Python\Python310\lib\site-packages\numpy\lib\_function_base_impl.py:3046: RuntimeWarning: invalid value encountered in divide
  c /= stddev[None, :]
C:\Users\vishn\AppData\Local\Programs\Python\Python310\lib\site-packages\numpy\lib\_function_base_impl.py:3045: RuntimeWarning: invalid value encountered in divide
  c /= stddev[:, None]
C:\Users\vishn\AppData\Local\Programs\Python\Python310\lib\site-packages\numpy\lib\_function_base_impl.py:3046: RuntimeWarning: invalid value encountered in divide
  c /= stddev[None, :]
C:\Users\vishn\AppData\Local\Programs\Python\Python310\lib\site-packages\numpy\lib\_function_base_impl.py:3045: RuntimeWarning: invalid value encountered in divide
  c /= stddev[:, None]
C:\Users\vishn\AppData\Local\Programs\Python\Python310\lib\site-packages\numpy\lib\_function_base_impl.py:3046: RuntimeWarning: invalid value encountered in divide
  c /= stddev[None, :]
C:\Users\vishn\AppData\Local\Programs\Python\Python310\lib\site-packages\numpy\lib\_function_base_impl.py:3045: RuntimeWarning: invalid value encountered in divide
  c /= stddev[:, None]
C:\Users\vishn\AppData\Local\Programs\Python\Python310\lib\site-packages\numpy\lib\_function_base_impl.py:3046: RuntimeWarning: invalid value encountered in divide
  c /= stddev[None, :]
C:\Users\vishn\AppData\Local\Programs\Python\Python310\lib\site-packages\sklearn\base.py:442: InconsistentVersionWarning: Trying to unpickle estimator ExtraTreeRegressor from version 1.8.0 when using version 1.7.2. This might lead to breaking code or invalid results. Use at your own risk. For more info please refer to:
https://scikit-learn.org/stable/model_persistence.html#security-maintainability-limitations
  warnings.warn(
C:\Users\vishn\AppData\Local\Programs\Python\Python310\lib\site-packages\sklearn\base.py:442: InconsistentVersionWarning: Trying to unpickle estimator IsolationForest from version 1.8.0 when using version 1.7.2. This might lead to breaking code or invalid results. Use at your own risk. For more info please refer to:
https://scikit-learn.org/stable/model_persistence.html#security-maintainability-limitations
  warnings.warn(
C:\Users\vishn\AppData\Local\Programs\Python\Python310\lib\site-packages\sklearn\base.py:442: InconsistentVersionWarning: Trying to unpickle estimator DecisionTreeClassifier from version 1.8.0 when using version 1.7.2. This might lead to breaking code or invalid results. Use at your own risk. For more info please refer to:
https://scikit-learn.org/stable/model_persistence.html#security-maintainability-limitations
  warnings.warn(
C:\Users\vishn\AppData\Local\Programs\Python\Python310\lib\site-packages\sklearn\base.py:442: InconsistentVersionWarning: Trying to unpickle estimator RandomForestClassifier from version 1.8.0 when using version 1.7.2. This might lead to breaking code or invalid results. Use at your own risk. For more info please refer to:
https://scikit-learn.org/stable/model_persistence.html#security-maintainability-limitations
  warnings.warn(
C:\Users\vishn\Desktop\College\SEMISTER\CSE 6th SEM\Data Science\Project 1\electricity_theft_and_anomaly_detection\api\main.py:350: FutureWarning: The behavior of DataFrame concatenation with empty or all-NA entries is deprecated. In a future version, this will no longer exclude empty or all-NA columns when determining the result dtypes. To retain the old behavior, exclude the relevant entries before the concat operation.
  return pd.concat([history_slice, recent_slice], ignore_index=True)
C:\Users\vishn\AppData\Local\Programs\Python\Python310\lib\site-packages\numpy\lib\_function_base_impl.py:3045: RuntimeWarning: invalid value encountered in divide
  c /= stddev[:, None]
C:\Users\vishn\AppData\Local\Programs\Python\Python310\lib\site-packages\numpy\lib\_function_base_impl.py:3046: RuntimeWarning: invalid value encountered in divide
  c /= stddev[None, :]
C:\Users\vishn\AppData\Local\Programs\Python\Python310\lib\site-packages\numpy\lib\_function_base_impl.py:3045: RuntimeWarning: invalid value encountered in divide
  c /= stddev[:, None]
C:\Users\vishn\AppData\Local\Programs\Python\Python310\lib\site-packages\numpy\lib\_function_base_impl.py:3046: RuntimeWarning: invalid value encountered in divide
  c /= stddev[None, :]
C:\Users\vishn\AppData\Local\Programs\Python\Python310\lib\site-packages\numpy\lib\_function_base_impl.py:3045: RuntimeWarning: invalid value encountered in divide
  c /= stddev[:, None]
C:\Users\vishn\AppData\Local\Programs\Python\Python310\lib\site-packages\numpy\lib\_function_base_impl.py:3046: RuntimeWarning: invalid value encountered in divide
  c /= stddev[None, :]
C:\Users\vishn\AppData\Local\Programs\Python\Python310\lib\site-packages\numpy\lib\_function_base_impl.py:3045: RuntimeWarning: invalid value encountered in divide
  c /= stddev[:, None]
C:\Users\vishn\AppData\Local\Programs\Python\Python310\lib\site-packages\numpy\lib\_function_base_impl.py:3046: RuntimeWarning: invalid value encountered in divide
  c /= stddev[None, :]
C:\Users\vishn\Desktop\College\SEMISTER\CSE 6th SEM\Data Science\Project 1\electricity_theft_and_anomaly_detection\api\main.py:350: FutureWarning: The behavior of DataFrame concatenation with empty or all-NA entries is deprecated. In a future version, this will no longer exclude empty or all-NA columns when determining the result dtypes. To retain the old behavior, exclude the relevant entries before the concat operation.
  return pd.concat([history_slice, recent_slice], ignore_index=True)
C:\Users\vishn\AppData\Local\Programs\Python\Python310\lib\site-packages\numpy\lib\_function_base_impl.py:3045: RuntimeWarning: invalid value encountered in divide
  c /= stddev[:, None]
C:\Users\vishn\AppData\Local\Programs\Python\Python310\lib\site-packages\numpy\lib\_function_base_impl.py:3046: RuntimeWarning: invalid value encountered in divide
  c /= stddev[None, :]
C:\Users\vishn\AppData\Local\Programs\Python\Python310\lib\site-packages\numpy\lib\_function_base_impl.py:3045: RuntimeWarning: invalid value encountered in divide
  c /= stddev[:, None]
C:\Users\vishn\AppData\Local\Programs\Python\Python310\lib\site-packages\numpy\lib\_function_base_impl.py:3046: RuntimeWarning: invalid value encountered in divide
  c /= stddev[None, :]
C:\Users\vishn\AppData\Local\Programs\Python\Python310\lib\site-packages\numpy\lib\_function_base_impl.py:3045: RuntimeWarning: invalid value encountered in divide
  c /= stddev[:, None]
C:\Users\vishn\AppData\Local\Programs\Python\Python310\lib\site-packages\numpy\lib\_function_base_impl.py:3046: RuntimeWarning: invalid value encountered in divide
  c /= stddev[None, :]
C:\Users\vishn\AppData\Local\Programs\Python\Python310\lib\site-packages\numpy\lib\_function_base_impl.py:3045: RuntimeWarning: invalid value encountered in divide
  c /= stddev[:, None]
C:\Users\vishn\AppData\Local\Programs\Python\Python310\lib\site-packages\numpy\lib\_function_base_impl.py:3046: RuntimeWarning: invalid value encountered in divide
  c /= stddev[None, :]
C:\Users\vishn\Desktop\College\SEMISTER\CSE 6th SEM\Data Science\Project 1\electricity_theft_and_anomaly_detection\api\main.py:350: FutureWarning: The behavior of DataFrame concatenation with empty or all-NA entries is deprecated. In a future version, this will no longer exclude empty or all-NA columns when determining the result dtypes. To retain the old behavior, exclude the relevant entries before the concat operation.
  return pd.concat([history_slice, recent_slice], ignore_index=True)
C:\Users\vishn\AppData\Local\Programs\Python\Python310\lib\site-packages\numpy\lib\_function_base_impl.py:3045: RuntimeWarning: invalid value encountered in divide
  c /= stddev[:, None]
C:\Users\vishn\AppData\Local\Programs\Python\Python310\lib\site-packages\numpy\lib\_function_base_impl.py:3046: RuntimeWarning: invalid value encountered in divide
  c /= stddev[None, :]
C:\Users\vishn\AppData\Local\Programs\Python\Python310\lib\site-packages\numpy\lib\_function_base_impl.py:3045: RuntimeWarning: invalid value encountered in divide
  c /= stddev[:, None]
C:\Users\vishn\AppData\Local\Programs\Python\Python310\lib\site-packages\numpy\lib\_function_base_impl.py:3046: RuntimeWarning: invalid value encountered in divide
  c /= stddev[None, :]
C:\Users\vishn\AppData\Local\Programs\Python\Python310\lib\site-packages\numpy\lib\_function_base_impl.py:3045: RuntimeWarning: invalid value encountered in divide
  c /= stddev[:, None]
C:\Users\vishn\AppData\Local\Programs\Python\Python310\lib\site-packages\numpy\lib\_function_base_impl.py:3046: RuntimeWarning: invalid value encountered in divide
  c /= stddev[None, :]
C:\Users\vishn\AppData\Local\Programs\Python\Python310\lib\site-packages\numpy\lib\_function_base_impl.py:3045: RuntimeWarning: invalid value encountered in divide
  c /= stddev[:, None]
C:\Users\vishn\AppData\Local\Programs\Python\Python310\lib\site-packages\numpy\lib\_function_base_impl.py:3046: RuntimeWarning: invalid value encountered in divide
  c /= stddev[None, :]
C:\Users\vishn\Desktop\College\SEMISTER\CSE 6th SEM\Data Science\Project 1\electricity_theft_and_anomaly_detection\api\main.py:350: FutureWarning: The behavior of DataFrame concatenation with empty or all-NA entries is deprecated. In a future version, this will no longer exclude empty or all-NA columns when determining the result dtypes. To retain the old behavior, exclude the relevant entries before the concat operation.
  return pd.concat([history_slice, recent_slice], ignore_index=True)
C:\Users\vishn\AppData\Local\Programs\Python\Python310\lib\site-packages\numpy\lib\_function_base_impl.py:3045: RuntimeWarning: invalid value encountered in divide
  c /= stddev[:, None]
C:\Users\vishn\AppData\Local\Programs\Python\Python310\lib\site-packages\numpy\lib\_function_base_impl.py:3046: RuntimeWarning: invalid value encountered in divide
  c /= stddev[None, :]
C:\Users\vishn\AppData\Local\Programs\Python\Python310\lib\site-packages\numpy\lib\_function_base_impl.py:3045: RuntimeWarning: invalid value encountered in divide
  c /= stddev[:, None]
C:\Users\vishn\AppData\Local\Programs\Python\Python310\lib\site-packages\numpy\lib\_function_base_impl.py:3046: RuntimeWarning: invalid value encountered in divide
  c /= stddev[None, :]
C:\Users\vishn\AppData\Local\Programs\Python\Python310\lib\site-packages\numpy\lib\_function_base_impl.py:3045: RuntimeWarning: invalid value encountered in divide
  c /= stddev[:, None]
C:\Users\vishn\AppData\Local\Programs\Python\Python310\lib\site-packages\numpy\lib\_function_base_impl.py:3046: RuntimeWarning: invalid value encountered in divide
  c /= stddev[None, :]
C:\Users\vishn\AppData\Local\Programs\Python\Python310\lib\site-packages\numpy\lib\_function_base_impl.py:3045: RuntimeWarning: invalid value encountered in divide
  c /= stddev[:, None]
C:\Users\vishn\AppData\Local\Programs\Python\Python310\lib\site-packages\numpy\lib\_function_base_impl.py:3046: RuntimeWarning: invalid value encountered in divide
  c /= stddev[None, :]
C:\Users\vishn\Desktop\College\SEMISTER\CSE 6th SEM\Data Science\Project 1\electricity_theft_and_anomaly_detection\api\main.py:350: FutureWarning: The behavior of DataFrame concatenation with empty or all-NA entries is deprecated. In a future version, this will no longer exclude empty or all-NA columns when determining the result dtypes. To retain the old behavior, exclude the relevant entries before the concat operation.
  return pd.concat([history_slice, recent_slice], ignore_index=True)
C:\Users\vishn\AppData\Local\Programs\Python\Python310\lib\site-packages\numpy\lib\_function_base_impl.py:3045: RuntimeWarning: invalid value encountered in divide
  c /= stddev[:, None]
C:\Users\vishn\AppData\Local\Programs\Python\Python310\lib\site-packages\numpy\lib\_function_base_impl.py:3046: RuntimeWarning: invalid value encountered in divide
  c /= stddev[None, :]
C:\Users\vishn\AppData\Local\Programs\Python\Python310\lib\site-packages\numpy\lib\_function_base_impl.py:3045: RuntimeWarning: invalid value encountered in divide
  c /= stddev[:, None]
C:\Users\vishn\AppData\Local\Programs\Python\Python310\lib\site-packages\numpy\lib\_function_base_impl.py:3046: RuntimeWarning: invalid value encountered in divide
  c /= stddev[None, :]
C:\Users\vishn\AppData\Local\Programs\Python\Python310\lib\site-packages\numpy\lib\_function_base_impl.py:3045: RuntimeWarning: invalid value encountered in divide
  c /= stddev[:, None]
C:\Users\vishn\AppData\Local\Programs\Python\Python310\lib\site-packages\numpy\lib\_function_base_impl.py:3046: RuntimeWarning: invalid value encountered in divide
  c /= stddev[None, :]
C:\Users\vishn\AppData\Local\Programs\Python\Python310\lib\site-packages\numpy\lib\_function_base_impl.py:3045: RuntimeWarning: invalid value encountered in divide
  c /= stddev[:, None]
C:\Users\vishn\AppData\Local\Programs\Python\Python310\lib\site-packages\numpy\lib\_function_base_impl.py:3046: RuntimeWarning: invalid value encountered in divide
  c /= stddev[None, :]
C:\Users\vishn\Desktop\College\SEMISTER\CSE 6th SEM\Data Science\Project 1\electricity_theft_and_anomaly_detection\api\main.py:350: FutureWarning: The behavior of DataFrame concatenation with empty or all-NA entries is deprecated. In a future version, this will no longer exclude empty or all-NA columns when determining the result dtypes. To retain the old behavior, exclude the relevant entries before the concat operation.
  return pd.concat([history_slice, recent_slice], ignore_index=True)
C:\Users\vishn\AppData\Local\Programs\Python\Python310\lib\site-packages\numpy\lib\_function_base_impl.py:3045: RuntimeWarning: invalid value encountered in divide
  c /= stddev[:, None]
C:\Users\vishn\AppData\Local\Programs\Python\Python310\lib\site-packages\numpy\lib\_function_base_impl.py:3046: RuntimeWarning: invalid value encountered in divide
  c /= stddev[None, :]
C:\Users\vishn\AppData\Local\Programs\Python\Python310\lib\site-packages\numpy\lib\_function_base_impl.py:3045: RuntimeWarning: invalid value encountered in divide
  c /= stddev[:, None]
C:\Users\vishn\AppData\Local\Programs\Python\Python310\lib\site-packages\numpy\lib\_function_base_impl.py:3046: RuntimeWarning: invalid value encountered in divide
  c /= stddev[None, :]
C:\Users\vishn\AppData\Local\Programs\Python\Python310\lib\site-packages\numpy\lib\_function_base_impl.py:3045: RuntimeWarning: invalid value encountered in divide
  c /= stddev[:, None]
C:\Users\vishn\AppData\Local\Programs\Python\Python310\lib\site-packages\numpy\lib\_function_base_impl.py:3046: RuntimeWarning: invalid value encountered in divide
  c /= stddev[None, :]
C:\Users\vishn\AppData\Local\Programs\Python\Python310\lib\site-packages\numpy\lib\_function_base_impl.py:3045: RuntimeWarning: invalid value encountered in divide
  c /= stddev[:, None]
C:\Users\vishn\AppData\Local\Programs\Python\Python310\lib\site-packages\numpy\lib\_function_base_impl.py:3046: RuntimeWarning: invalid value encountered in divide
  c /= stddev[None, :]
C:\Users\vishn\Desktop\College\SEMISTER\CSE 6th SEM\Data Science\Project 1\electricity_theft_and_anomaly_detection\api\main.py:350: FutureWarning: The behavior of DataFrame concatenation with empty or all-NA entries is deprecated. In a future version, this will no longer exclude empty or all-NA columns when determining the result dtypes. To retain the old behavior, exclude the relevant entries before the concat operation.
  return pd.concat([history_slice, recent_slice], ignore_index=True)
C:\Users\vishn\AppData\Local\Programs\Python\Python310\lib\site-packages\numpy\lib\_function_base_impl.py:3045: RuntimeWarning: invalid value encountered in divide
  c /= stddev[:, None]
C:\Users\vishn\AppData\Local\Programs\Python\Python310\lib\site-packages\numpy\lib\_function_base_impl.py:3046: RuntimeWarning: invalid value encountered in divide
  c /= stddev[None, :]
C:\Users\vishn\AppData\Local\Programs\Python\Python310\lib\site-packages\numpy\lib\_function_base_impl.py:3045: RuntimeWarning: invalid value encountered in divide
  c /= stddev[:, None]
C:\Users\vishn\AppData\Local\Programs\Python\Python310\lib\site-packages\numpy\lib\_function_base_impl.py:3046: RuntimeWarning: invalid value encountered in divide
  c /= stddev[None, :]
C:\Users\vishn\AppData\Local\Programs\Python\Python310\lib\site-packages\numpy\lib\_function_base_impl.py:3045: RuntimeWarning: invalid value encountered in divide
  c /= stddev[:, None]
C:\Users\vishn\AppData\Local\Programs\Python\Python310\lib\site-packages\numpy\lib\_function_base_impl.py:3046: RuntimeWarning: invalid value encountered in divide
  c /= stddev[None, :]
C:\Users\vishn\AppData\Local\Programs\Python\Python310\lib\site-packages\numpy\lib\_function_base_impl.py:3045: RuntimeWarning: invalid value encountered in divide
  c /= stddev[:, None]
C:\Users\vishn\AppData\Local\Programs\Python\Python310\lib\site-packages\numpy\lib\_function_base_impl.py:3046: RuntimeWarning: invalid value encountered in divide
  c /= stddev[None, :]
C:\Users\vishn\Desktop\College\SEMISTER\CSE 6th SEM\Data Science\Project 1\electricity_theft_and_anomaly_detection\api\main.py:350: FutureWarning: The behavior of DataFrame concatenation with empty or all-NA entries is deprecated. In a future version, this will no longer exclude empty or all-NA columns when determining the result dtypes. To retain the old behavior, exclude the relevant entries before the concat operation.
  return pd.concat([history_slice, recent_slice], ignore_index=True)
C:\Users\vishn\AppData\Local\Programs\Python\Python310\lib\site-packages\numpy\lib\_function_base_impl.py:3045: RuntimeWarning: invalid value encountered in divide
  c /= stddev[:, None]
C:\Users\vishn\AppData\Local\Programs\Python\Python310\lib\site-packages\numpy\lib\_function_base_impl.py:3046: RuntimeWarning: invalid value encountered in divide
  c /= stddev[None, :]
C:\Users\vishn\AppData\Local\Programs\Python\Python310\lib\site-packages\numpy\lib\_function_base_impl.py:3045: RuntimeWarning: invalid value encountered in divide
  c /= stddev[:, None]
C:\Users\vishn\AppData\Local\Programs\Python\Python310\lib\site-packages\numpy\lib\_function_base_impl.py:3046: RuntimeWarning: invalid value encountered in divide
  c /= stddev[None, :]
C:\Users\vishn\AppData\Local\Programs\Python\Python310\lib\site-packages\numpy\lib\_function_base_impl.py:3045: RuntimeWarning: invalid value encountered in divide
  c /= stddev[:, None]
C:\Users\vishn\AppData\Local\Programs\Python\Python310\lib\site-packages\numpy\lib\_function_base_impl.py:3046: RuntimeWarning: invalid value encountered in divide
  c /= stddev[None, :]
C:\Users\vishn\AppData\Local\Programs\Python\Python310\lib\site-packages\numpy\lib\_function_base_impl.py:3045: RuntimeWarning: invalid value encountered in divide
  c /= stddev[:, None]
C:\Users\vishn\AppData\Local\Programs\Python\Python310\lib\site-packages\numpy\lib\_function_base_impl.py:3046: RuntimeWarning: invalid value encountered in divide
  c /= stddev[None, :]
INFO:     127.0.0.1:62345 - "WebSocket /ws/live" [accepted]
INFO:     connection open
C:\Users\vishn\Desktop\College\SEMISTER\CSE 6th SEM\Data Science\Project 1\electricity_theft_and_anomaly_detection\api\main.py:350: FutureWarning: The behavior of DataFrame concatenation with empty or all-NA entries is deprecated. In a future version, this will no longer exclude empty or all-NA columns when determining the result dtypes. To retain the old behavior, exclude the relevant entries before the concat operation.
  return pd.concat([history_slice, recent_slice], ignore_index=True)
C:\Users\vishn\AppData\Local\Programs\Python\Python310\lib\site-packages\numpy\lib\_function_base_impl.py:3045: RuntimeWarning: invalid value encountered in divide
  c /= stddev[:, None]
C:\Users\vishn\AppData\Local\Programs\Python\Python310\lib\site-packages\numpy\lib\_function_base_impl.py:3046: RuntimeWarning: invalid value encountered in divide
  c /= stddev[None, :]
C:\Users\vishn\AppData\Local\Programs\Python\Python310\lib\site-packages\numpy\lib\_function_base_impl.py:3045: RuntimeWarning: invalid value encountered in divide
  c /= stddev[:, None]
C:\Users\vishn\AppData\Local\Programs\Python\Python310\lib\site-packages\numpy\lib\_function_base_impl.py:3046: RuntimeWarning: invalid value encountered in divide
  c /= stddev[None, :]
C:\Users\vishn\AppData\Local\Programs\Python\Python310\lib\site-packages\numpy\lib\_function_base_impl.py:3045: RuntimeWarning: invalid value encountered in divide
  c /= stddev[:, None]
C:\Users\vishn\AppData\Local\Programs\Python\Python310\lib\site-packages\numpy\lib\_function_base_impl.py:3046: RuntimeWarning: invalid value encountered in divide
  c /= stddev[None, :]
C:\Users\vishn\AppData\Local\Programs\Python\Python310\lib\site-packages\numpy\lib\_function_base_impl.py:3045: RuntimeWarning: invalid value encountered in divide
  c /= stddev[:, None]
C:\Users\vishn\AppData\Local\Programs\Python\Python310\lib\site-packages\numpy\lib\_function_base_impl.py:3046: RuntimeWarning: invalid value encountered in divide
  c /= stddev[None, :]
C:\Users\vishn\Desktop\College\SEMISTER\CSE 6th SEM\Data Science\Project 1\electricity_theft_and_anomaly_detection\api\main.py:350: FutureWarning: The behavior of DataFrame concatenation with empty or all-NA entries is deprecated. In a future version, this will no longer exclude empty or all-NA columns when determining the result dtypes. To retain the old behavior, exclude the relevant entries before the concat operation.
  return pd.concat([history_slice, recent_slice], ignore_index=True)
C:\Users\vishn\AppData\Local\Programs\Python\Python310\lib\site-packages\numpy\lib\_function_base_impl.py:3045: RuntimeWarning: invalid value encountered in divide
  c /= stddev[:, None]
C:\Users\vishn\AppData\Local\Programs\Python\Python310\lib\site-packages\numpy\lib\_function_base_impl.py:3046: RuntimeWarning: invalid value encountered in divide
  c /= stddev[None, :]
C:\Users\vishn\AppData\Local\Programs\Python\Python310\lib\site-packages\numpy\lib\_function_base_impl.py:3045: RuntimeWarning: invalid value encountered in divide
  c /= stddev[:, None]
C:\Users\vishn\AppData\Local\Programs\Python\Python310\lib\site-packages\numpy\lib\_function_base_impl.py:3046: RuntimeWarning: invalid value encountered in divide
  c /= stddev[None, :]
C:\Users\vishn\AppData\Local\Programs\Python\Python310\lib\site-packages\numpy\lib\_function_base_impl.py:3045: RuntimeWarning: invalid value encountered in divide
  c /= stddev[:, None]
C:\Users\vishn\AppData\Local\Programs\Python\Python310\lib\site-packages\numpy\lib\_function_base_impl.py:3046: RuntimeWarning: invalid value encountered in divide
  c /= stddev[None, :]
C:\Users\vishn\AppData\Local\Programs\Python\Python310\lib\site-packages\numpy\lib\_function_base_impl.py:3045: RuntimeWarning: invalid value encountered in divide
  c /= stddev[:, None]
C:\Users\vishn\AppData\Local\Programs\Python\Python310\lib\site-packages\numpy\lib\_function_base_impl.py:3046: RuntimeWarning: invalid value encountered in divide
  c /= stddev[None, :]
C:\Users\vishn\Desktop\College\SEMISTER\CSE 6th SEM\Data Science\Project 1\electricity_theft_and_anomaly_detection\api\main.py:350: FutureWarning: The behavior of DataFrame concatenation with empty or all-NA entries is deprecated. In a future version, this will no longer exclude empty or all-NA columns when determining the result dtypes. To retain the old behavior, exclude the relevant entries before the concat operation.
  return pd.concat([history_slice, recent_slice], ignore_index=True)
C:\Users\vishn\AppData\Local\Programs\Python\Python310\lib\site-packages\numpy\lib\_function_base_impl.py:3045: RuntimeWarning: invalid value encountered in divide
  c /= stddev[:, None]
C:\Users\vishn\AppData\Local\Programs\Python\Python310\lib\site-packages\numpy\lib\_function_base_impl.py:3046: RuntimeWarning: invalid value encountered in divide
  c /= stddev[None, :]
C:\Users\vishn\AppData\Local\Programs\Python\Python310\lib\site-packages\numpy\lib\_function_base_impl.py:3045: RuntimeWarning: invalid value encountered in divide
  c /= stddev[:, None]
C:\Users\vishn\AppData\Local\Programs\Python\Python310\lib\site-packages\numpy\lib\_function_base_impl.py:3046: RuntimeWarning: invalid value encountered in divide
  c /= stddev[None, :]
C:\Users\vishn\AppData\Local\Programs\Python\Python310\lib\site-packages\numpy\lib\_function_base_impl.py:3045: RuntimeWarning: invalid value encountered in divide
  c /= stddev[:, None]
C:\Users\vishn\AppData\Local\Programs\Python\Python310\lib\site-packages\numpy\lib\_function_base_impl.py:3046: RuntimeWarning: invalid value encountered in divide
  c /= stddev[None, :]
C:\Users\vishn\AppData\Local\Programs\Python\Python310\lib\site-packages\numpy\lib\_function_base_impl.py:3045: RuntimeWarning: invalid value encountered in divide
  c /= stddev[:, None]
C:\Users\vishn\AppData\Local\Programs\Python\Python310\lib\site-packages\numpy\lib\_function_base_impl.py:3046: RuntimeWarning: invalid value encountered in divide
  c /= stddev[None, :]
C:\Users\vishn\Desktop\College\SEMISTER\CSE 6th SEM\Data Science\Project 1\electricity_theft_and_anomaly_detection\api\main.py:350: FutureWarning: The behavior of DataFrame concatenation with empty or all-NA entries is deprecated. In a future version, this will no longer exclude empty or all-NA columns when determining the result dtypes. To retain the old behavior, exclude the relevant entries before the concat operation.
  return pd.concat([history_slice, recent_slice], ignore_index=True)
C:\Users\vishn\AppData\Local\Programs\Python\Python310\lib\site-packages\numpy\lib\_function_base_impl.py:3045: RuntimeWarning: invalid value encountered in divide
  c /= stddev[:, None]
C:\Users\vishn\AppData\Local\Programs\Python\Python310\lib\site-packages\numpy\lib\_function_base_impl.py:3046: RuntimeWarning: invalid value encountered in divide
  c /= stddev[None, :]
C:\Users\vishn\AppData\Local\Programs\Python\Python310\lib\site-packages\numpy\lib\_function_base_impl.py:3045: RuntimeWarning: invalid value encountered in divide
  c /= stddev[:, None]
C:\Users\vishn\AppData\Local\Programs\Python\Python310\lib\site-packages\numpy\lib\_function_base_impl.py:3046: RuntimeWarning: invalid value encountered in divide
  c /= stddev[None, :]
C:\Users\vishn\AppData\Local\Programs\Python\Python310\lib\site-packages\numpy\lib\_function_base_impl.py:3045: RuntimeWarning: invalid value encountered in divide
  c /= stddev[:, None]
C:\Users\vishn\AppData\Local\Programs\Python\Python310\lib\site-packages\numpy\lib\_function_base_impl.py:3046: RuntimeWarning: invalid value encountered in divide
  c /= stddev[None, :]
C:\Users\vishn\AppData\Local\Programs\Python\Python310\lib\site-packages\numpy\lib\_function_base_impl.py:3045: RuntimeWarning: invalid value encountered in divide
  c /= stddev[:, None]
C:\Users\vishn\AppData\Local\Programs\Python\Python310\lib\site-packages\numpy\lib\_function_base_impl.py:3046: RuntimeWarning: invalid value encountered in divide
  c /= stddev[None, :]
INFO:     127.0.0.1:50924 - "WebSocket /ws/live" [accepted]
INFO:     connection open
INFO:     127.0.0.1:60558 - "WebSocket /ws/live" [accepted]
INFO:     connection open
INFO:     127.0.0.1:59753 - "WebSocket /ws/live" [accepted]
INFO:     connection open
INFO:     127.0.0.1:51131 - "WebSocket /ws/live" [accepted]
INFO:     connection open
INFO:     127.0.0.1:52505 - "WebSocket /ws/live" [accepted]
INFO:     connection open
C:\Users\vishn\Desktop\College\SEMISTER\CSE 6th SEM\Data Science\Project 1\electricity_theft_and_anomaly_detection\api\main.py:350: FutureWarning: The behavior of DataFrame concatenation with empty or all-NA entries is deprecated. In a future version, this will no longer exclude empty or all-NA columns when determining the result dtypes. To retain the old behavior, exclude the relevant entries before the concat operation.
  return pd.concat([history_slice, recent_slice], ignore_index=True)
C:\Users\vishn\AppData\Local\Programs\Python\Python310\lib\site-packages\numpy\lib\_function_base_impl.py:3045: RuntimeWarning: invalid value encountered in divide
  c /= stddev[:, None]
C:\Users\vishn\AppData\Local\Programs\Python\Python310\lib\site-packages\numpy\lib\_function_base_impl.py:3046: RuntimeWarning: invalid value encountered in divide
  c /= stddev[None, :]
C:\Users\vishn\AppData\Local\Programs\Python\Python310\lib\site-packages\numpy\lib\_function_base_impl.py:3045: RuntimeWarning: invalid value encountered in divide
  c /= stddev[:, None]
C:\Users\vishn\AppData\Local\Programs\Python\Python310\lib\site-packages\numpy\lib\_function_base_impl.py:3046: RuntimeWarning: invalid value encountered in divide
  c /= stddev[None, :]
C:\Users\vishn\AppData\Local\Programs\Python\Python310\lib\site-packages\numpy\lib\_function_base_impl.py:3045: RuntimeWarning: invalid value encountered in divide
  c /= stddev[:, None]
C:\Users\vishn\AppData\Local\Programs\Python\Python310\lib\site-packages\numpy\lib\_function_base_impl.py:3046: RuntimeWarning: invalid value encountered in divide
  c /= stddev[None, :]
C:\Users\vishn\AppData\Local\Programs\Python\Python310\lib\site-packages\numpy\lib\_function_base_impl.py:3045: RuntimeWarning: invalid value encountered in divide
  c /= stddev[:, None]
C:\Users\vishn\AppData\Local\Programs\Python\Python310\lib\site-packages\numpy\lib\_function_base_impl.py:3046: RuntimeWarning: invalid value encountered in divide
  c /= stddev[None, :]
INFO:     127.0.0.1:56281 - "WebSocket /ws/live" [accepted]
INFO:     connection open
INFO:     127.0.0.1:58888 - "WebSocket /ws/live" [accepted]
INFO:     connection open
C:\Users\vishn\Desktop\College\SEMISTER\CSE 6th SEM\Data Science\Project 1\electricity_theft_and_anomaly_detection\api\main.py:350: FutureWarning: The behavior of DataFrame concatenation with empty or all-NA entries is deprecated. In a future version, this will no longer exclude empty or all-NA columns when determining the result dtypes. To retain the old behavior, exclude the relevant entries before the concat operation.
  return pd.concat([history_slice, recent_slice], ignore_index=True)
C:\Users\vishn\AppData\Local\Programs\Python\Python310\lib\site-packages\numpy\lib\_function_base_impl.py:3045: RuntimeWarning: invalid value encountered in divide
  c /= stddev[:, None]
C:\Users\vishn\AppData\Local\Programs\Python\Python310\lib\site-packages\numpy\lib\_function_base_impl.py:3046: RuntimeWarning: invalid value encountered in divide
  c /= stddev[None, :]
C:\Users\vishn\AppData\Local\Programs\Python\Python310\lib\site-packages\numpy\lib\_function_base_impl.py:3045: RuntimeWarning: invalid value encountered in divide
  c /= stddev[:, None]
C:\Users\vishn\AppData\Local\Programs\Python\Python310\lib\site-packages\numpy\lib\_function_base_impl.py:3046: RuntimeWarning: invalid value encountered in divide
  c /= stddev[None, :]
C:\Users\vishn\AppData\Local\Programs\Python\Python310\lib\site-packages\numpy\lib\_function_base_impl.py:3045: RuntimeWarning: invalid value encountered in divide
  c /= stddev[:, None]
C:\Users\vishn\AppData\Local\Programs\Python\Python310\lib\site-packages\numpy\lib\_function_base_impl.py:3046: RuntimeWarning: invalid value encountered in divide
  c /= stddev[None, :]
C:\Users\vishn\AppData\Local\Programs\Python\Python310\lib\site-packages\numpy\lib\_function_base_impl.py:3045: RuntimeWarning: invalid value encountered in divide
  c /= stddev[:, None]
C:\Users\vishn\AppData\Local\Programs\Python\Python310\lib\site-packages\numpy\lib\_function_base_impl.py:3046: RuntimeWarning: invalid value encountered in divide
  c /= stddev[None, :]
C:\Users\vishn\Desktop\College\SEMISTER\CSE 6th SEM\Data Science\Project 1\electricity_theft_and_anomaly_detection\api\main.py:350: FutureWarning: The behavior of DataFrame concatenation with empty or all-NA entries is deprecated. In a future version, this will no longer exclude empty or all-NA columns when determining the result dtypes. To retain the old behavior, exclude the relevant entries before the concat operation.
  return pd.concat([history_slice, recent_slice], ignore_index=True)
C:\Users\vishn\AppData\Local\Programs\Python\Python310\lib\site-packages\numpy\lib\_function_base_impl.py:3045: RuntimeWarning: invalid value encountered in divide
  c /= stddev[:, None]
C:\Users\vishn\AppData\Local\Programs\Python\Python310\lib\site-packages\numpy\lib\_function_base_impl.py:3046: RuntimeWarning: invalid value encountered in divide
  c /= stddev[None, :]
C:\Users\vishn\AppData\Local\Programs\Python\Python310\lib\site-packages\numpy\lib\_function_base_impl.py:3045: RuntimeWarning: invalid value encountered in divide
  c /= stddev[:, None]
C:\Users\vishn\AppData\Local\Programs\Python\Python310\lib\site-packages\numpy\lib\_function_base_impl.py:3046: RuntimeWarning: invalid value encountered in divide
  c /= stddev[None, :]
C:\Users\vishn\AppData\Local\Programs\Python\Python310\lib\site-packages\numpy\lib\_function_base_impl.py:3045: RuntimeWarning: invalid value encountered in divide
  c /= stddev[:, None]
C:\Users\vishn\AppData\Local\Programs\Python\Python310\lib\site-packages\numpy\lib\_function_base_impl.py:3046: RuntimeWarning: invalid value encountered in divide
  c /= stddev[None, :]
C:\Users\vishn\AppData\Local\Programs\Python\Python310\lib\site-packages\numpy\lib\_function_base_impl.py:3045: RuntimeWarning: invalid value encountered in divide
  c /= stddev[:, None]
C:\Users\vishn\AppData\Local\Programs\Python\Python310\lib\site-packages\numpy\lib\_function_base_impl.py:3046: RuntimeWarning: invalid value encountered in divide
  c /= stddev[None, :]
C:\Users\vishn\Desktop\College\SEMISTER\CSE 6th SEM\Data Science\Project 1\electricity_theft_and_anomaly_detection\api\main.py:350: FutureWarning: The behavior of DataFrame concatenation with empty or all-NA entries is deprecated. In a future version, this will no longer exclude empty or all-NA columns when determining the result dtypes. To retain the old behavior, exclude the relevant entries before the concat operation.
  return pd.concat([history_slice, recent_slice], ignore_index=True)
C:\Users\vishn\AppData\Local\Programs\Python\Python310\lib\site-packages\numpy\lib\_function_base_impl.py:3045: RuntimeWarning: invalid value encountered in divide
  c /= stddev[:, None]
C:\Users\vishn\AppData\Local\Programs\Python\Python310\lib\site-packages\numpy\lib\_function_base_impl.py:3046: RuntimeWarning: invalid value encountered in divide
  c /= stddev[None, :]
C:\Users\vishn\AppData\Local\Programs\Python\Python310\lib\site-packages\numpy\lib\_function_base_impl.py:3045: RuntimeWarning: invalid value encountered in divide
  c /= stddev[:, None]
C:\Users\vishn\AppData\Local\Programs\Python\Python310\lib\site-packages\numpy\lib\_function_base_impl.py:3046: RuntimeWarning: invalid value encountered in divide
  c /= stddev[None, :]
C:\Users\vishn\AppData\Local\Programs\Python\Python310\lib\site-packages\numpy\lib\_function_base_impl.py:3045: RuntimeWarning: invalid value encountered in divide
  c /= stddev[:, None]
C:\Users\vishn\AppData\Local\Programs\Python\Python310\lib\site-packages\numpy\lib\_function_base_impl.py:3046: RuntimeWarning: invalid value encountered in divide
  c /= stddev[None, :]
C:\Users\vishn\AppData\Local\Programs\Python\Python310\lib\site-packages\numpy\lib\_function_base_impl.py:3045: RuntimeWarning: invalid value encountered in divide
  c /= stddev[:, None]
C:\Users\vishn\AppData\Local\Programs\Python\Python310\lib\site-packages\numpy\lib\_function_base_impl.py:3046: RuntimeWarning: invalid value encountered in divide
  c /= stddev[None, :]
C:\Users\vishn\Desktop\College\SEMISTER\CSE 6th SEM\Data Science\Project 1\electricity_theft_and_anomaly_detection\api\main.py:350: FutureWarning: The behavior of DataFrame concatenation with empty or all-NA entries is deprecated. In a future version, this will no longer exclude empty or all-NA columns when determining the result dtypes. To retain the old behavior, exclude the relevant entries before the concat operation.
  return pd.concat([history_slice, recent_slice], ignore_index=True)
C:\Users\vishn\AppData\Local\Programs\Python\Python310\lib\site-packages\numpy\lib\_function_base_impl.py:3045: RuntimeWarning: invalid value encountered in divide
  c /= stddev[:, None]
C:\Users\vishn\AppData\Local\Programs\Python\Python310\lib\site-packages\numpy\lib\_function_base_impl.py:3046: RuntimeWarning: invalid value encountered in divide
  c /= stddev[None, :]
C:\Users\vishn\AppData\Local\Programs\Python\Python310\lib\site-packages\numpy\lib\_function_base_impl.py:3045: RuntimeWarning: invalid value encountered in divide
  c /= stddev[:, None]
C:\Users\vishn\AppData\Local\Programs\Python\Python310\lib\site-packages\numpy\lib\_function_base_impl.py:3046: RuntimeWarning: invalid value encountered in divide
  c /= stddev[None, :]
C:\Users\vishn\AppData\Local\Programs\Python\Python310\lib\site-packages\numpy\lib\_function_base_impl.py:3045: RuntimeWarning: invalid value encountered in divide
  c /= stddev[:, None]
C:\Users\vishn\AppData\Local\Programs\Python\Python310\lib\site-packages\numpy\lib\_function_base_impl.py:3046: RuntimeWarning: invalid value encountered in divide
  c /= stddev[None, :]
C:\Users\vishn\AppData\Local\Programs\Python\Python310\lib\site-packages\numpy\lib\_function_base_impl.py:3045: RuntimeWarning: invalid value encountered in divide
  c /= stddev[:, None]
C:\Users\vishn\AppData\Local\Programs\Python\Python310\lib\site-packages\numpy\lib\_function_base_impl.py:3046: RuntimeWarning: invalid value encountered in divide
  c /= stddev[None, :]
C:\Users\vishn\Desktop\College\SEMISTER\CSE 6th SEM\Data Science\Project 1\electricity_theft_and_anomaly_detection\api\main.py:350: FutureWarning: The behavior of DataFrame concatenation with empty or all-NA entries is deprecated. In a future version, this will no longer exclude empty or all-NA columns when determining the result dtypes. To retain the old behavior, exclude the relevant entries before the concat operation.
  return pd.concat([history_slice, recent_slice], ignore_index=True)
C:\Users\vishn\AppData\Local\Programs\Python\Python310\lib\site-packages\numpy\lib\_function_base_impl.py:3045: RuntimeWarning: invalid value encountered in divide
  c /= stddev[:, None]
C:\Users\vishn\AppData\Local\Programs\Python\Python310\lib\site-packages\numpy\lib\_function_base_impl.py:3046: RuntimeWarning: invalid value encountered in divide
  c /= stddev[None, :]
C:\Users\vishn\AppData\Local\Programs\Python\Python310\lib\site-packages\numpy\lib\_function_base_impl.py:3045: RuntimeWarning: invalid value encountered in divide
  c /= stddev[:, None]
C:\Users\vishn\AppData\Local\Programs\Python\Python310\lib\site-packages\numpy\lib\_function_base_impl.py:3046: RuntimeWarning: invalid value encountered in divide
  c /= stddev[None, :]
C:\Users\vishn\AppData\Local\Programs\Python\Python310\lib\site-packages\numpy\lib\_function_base_impl.py:3045: RuntimeWarning: invalid value encountered in divide
  c /= stddev[:, None]
C:\Users\vishn\AppData\Local\Programs\Python\Python310\lib\site-packages\numpy\lib\_function_base_impl.py:3046: RuntimeWarning: invalid value encountered in divide
  c /= stddev[None, :]
C:\Users\vishn\AppData\Local\Programs\Python\Python310\lib\site-packages\numpy\lib\_function_base_impl.py:3045: RuntimeWarning: invalid value encountered in divide
  c /= stddev[:, None]
C:\Users\vishn\AppData\Local\Programs\Python\Python310\lib\site-packages\numpy\lib\_function_base_impl.py:3046: RuntimeWarning: invalid value encountered in divide
  c /= stddev[None, :]
C:\Users\vishn\Desktop\College\SEMISTER\CSE 6th SEM\Data Science\Project 1\electricity_theft_and_anomaly_detection\api\main.py:350: FutureWarning: The behavior of DataFrame concatenation with empty or all-NA entries is deprecated. In a future version, this will no longer exclude empty or all-NA columns when determining the result dtypes. To retain the old behavior, exclude the relevant entries before the concat operation.
  return pd.concat([history_slice, recent_slice], ignore_index=True)
C:\Users\vishn\AppData\Local\Programs\Python\Python310\lib\site-packages\numpy\lib\_function_base_impl.py:3045: RuntimeWarning: invalid value encountered in divide
  c /= stddev[:, None]
C:\Users\vishn\AppData\Local\Programs\Python\Python310\lib\site-packages\numpy\lib\_function_base_impl.py:3046: RuntimeWarning: invalid value encountered in divide
  c /= stddev[None, :]
C:\Users\vishn\AppData\Local\Programs\Python\Python310\lib\site-packages\numpy\lib\_function_base_impl.py:3045: RuntimeWarning: invalid value encountered in divide
  c /= stddev[:, None]
C:\Users\vishn\AppData\Local\Programs\Python\Python310\lib\site-packages\numpy\lib\_function_base_impl.py:3046: RuntimeWarning: invalid value encountered in divide
  c /= stddev[None, :]
C:\Users\vishn\AppData\Local\Programs\Python\Python310\lib\site-packages\numpy\lib\_function_base_impl.py:3045: RuntimeWarning: invalid value encountered in divide
  c /= stddev[:, None]
C:\Users\vishn\AppData\Local\Programs\Python\Python310\lib\site-packages\numpy\lib\_function_base_impl.py:3046: RuntimeWarning: invalid value encountered in divide
  c /= stddev[None, :]
C:\Users\vishn\AppData\Local\Programs\Python\Python310\lib\site-packages\numpy\lib\_function_base_impl.py:3045: RuntimeWarning: invalid value encountered in divide
  c /= stddev[:, None]
C:\Users\vishn\AppData\Local\Programs\Python\Python310\lib\site-packages\numpy\lib\_function_base_impl.py:3046: RuntimeWarning: invalid value encountered in divide
  c /= stddev[None, :]
C:\Users\vishn\Desktop\College\SEMISTER\CSE 6th SEM\Data Science\Project 1\electricity_theft_and_anomaly_detection\api\main.py:350: FutureWarning: The behavior of DataFrame concatenation with empty or all-NA entries is deprecated. In a future version, this will no longer exclude empty or all-NA columns when determining the result dtypes. To retain the old behavior, exclude the relevant entries before the concat operation.
  return pd.concat([history_slice, recent_slice], ignore_index=True)
C:\Users\vishn\AppData\Local\Programs\Python\Python310\lib\site-packages\numpy\lib\_function_base_impl.py:3045: RuntimeWarning: invalid value encountered in divide
  c /= stddev[:, None]
C:\Users\vishn\AppData\Local\Programs\Python\Python310\lib\site-packages\numpy\lib\_function_base_impl.py:3046: RuntimeWarning: invalid value encountered in divide
  c /= stddev[None, :]
C:\Users\vishn\AppData\Local\Programs\Python\Python310\lib\site-packages\numpy\lib\_function_base_impl.py:3045: RuntimeWarning: invalid value encountered in divide
  c /= stddev[:, None]
C:\Users\vishn\AppData\Local\Programs\Python\Python310\lib\site-packages\numpy\lib\_function_base_impl.py:3046: RuntimeWarning: invalid value encountered in divide
  c /= stddev[None, :]
C:\Users\vishn\AppData\Local\Programs\Python\Python310\lib\site-packages\numpy\lib\_function_base_impl.py:3045: RuntimeWarning: invalid value encountered in divide
  c /= stddev[:, None]
C:\Users\vishn\AppData\Local\Programs\Python\Python310\lib\site-packages\numpy\lib\_function_base_impl.py:3046: RuntimeWarning: invalid value encountered in divide
  c /= stddev[None, :]
C:\Users\vishn\AppData\Local\Programs\Python\Python310\lib\site-packages\numpy\lib\_function_base_impl.py:3045: RuntimeWarning: invalid value encountered in divide
  c /= stddev[:, None]
C:\Users\vishn\AppData\Local\Programs\Python\Python310\lib\site-packages\numpy\lib\_function_base_impl.py:3046: RuntimeWarning: invalid value encountered in divide
  c /= stddev[None, :]
INFO:     connection closed
INFO:     connection closed
INFO:     connection closed
INFO:     connection closed
INFO:     connection closed
INFO:     connection closed
INFO:     connection closed
INFO:     connection closed
C:\Users\vishn\Desktop\College\SEMISTER\CSE 6th SEM\Data Science\Project 1\electricity_theft_and_anomaly_detection\api\main.py:350: FutureWarning: The behavior of DataFrame concatenation with empty or all-NA entries is deprecated. In a future version, this will no longer exclude empty or all-NA columns when determining the result dtypes. To retain the old behavior, exclude the relevant entries before the concat operation.
  return pd.concat([history_slice, recent_slice], ignore_index=True)
C:\Users\vishn\AppData\Local\Programs\Python\Python310\lib\site-packages\numpy\lib\_function_base_impl.py:3045: RuntimeWarning: invalid value encountered in divide
  c /= stddev[:, None]
C:\Users\vishn\AppData\Local\Programs\Python\Python310\lib\site-packages\numpy\lib\_function_base_impl.py:3046: RuntimeWarning: invalid value encountered in divide
  c /= stddev[None, :]
C:\Users\vishn\AppData\Local\Programs\Python\Python310\lib\site-packages\numpy\lib\_function_base_impl.py:3045: RuntimeWarning: invalid value encountered in divide
  c /= stddev[:, None]
C:\Users\vishn\AppData\Local\Programs\Python\Python310\lib\site-packages\numpy\lib\_function_base_impl.py:3046: RuntimeWarning: invalid value encountered in divide
  c /= stddev[None, :]
C:\Users\vishn\AppData\Local\Programs\Python\Python310\lib\site-packages\numpy\lib\_function_base_impl.py:3045: RuntimeWarning: invalid value encountered in divide
  c /= stddev[:, None]
C:\Users\vishn\AppData\Local\Programs\Python\Python310\lib\site-packages\numpy\lib\_function_base_impl.py:3046: RuntimeWarning: invalid value encountered in divide
  c /= stddev[None, :]
C:\Users\vishn\AppData\Local\Programs\Python\Python310\lib\site-packages\numpy\lib\_function_base_impl.py:3045: RuntimeWarning: invalid value encountered in divide
  c /= stddev[:, None]
C:\Users\vishn\AppData\Local\Programs\Python\Python310\lib\site-packages\numpy\lib\_function_base_impl.py:3046: RuntimeWarning: invalid value encountered in divide
  c /= stddev[None, :]
C:\Users\vishn\Desktop\College\SEMISTER\CSE 6th SEM\Data Science\Project 1\electricity_theft_and_anomaly_detection\api\main.py:350: FutureWarning: The behavior of DataFrame concatenation with empty or all-NA entries is deprecated. In a future version, this will no longer exclude empty or all-NA columns when determining the result dtypes. To retain the old behavior, exclude the relevant entries before the concat operation.
  return pd.concat([history_slice, recent_slice], ignore_index=True)
C:\Users\vishn\AppData\Local\Programs\Python\Python310\lib\site-packages\numpy\lib\_function_base_impl.py:3045: RuntimeWarning: invalid value encountered in divide
  c /= stddev[:, None]
C:\Users\vishn\AppData\Local\Programs\Python\Python310\lib\site-packages\numpy\lib\_function_base_impl.py:3046: RuntimeWarning: invalid value encountered in divide
  c /= stddev[None, :]
C:\Users\vishn\AppData\Local\Programs\Python\Python310\lib\site-packages\numpy\lib\_function_base_impl.py:3045: RuntimeWarning: invalid value encountered in divide
  c /= stddev[:, None]
C:\Users\vishn\AppData\Local\Programs\Python\Python310\lib\site-packages\numpy\lib\_function_base_impl.py:3046: RuntimeWarning: invalid value encountered in divide
  c /= stddev[None, :]
C:\Users\vishn\AppData\Local\Programs\Python\Python310\lib\site-packages\numpy\lib\_function_base_impl.py:3045: RuntimeWarning: invalid value encountered in divide
  c /= stddev[:, None]
C:\Users\vishn\AppData\Local\Programs\Python\Python310\lib\site-packages\numpy\lib\_function_base_impl.py:3046: RuntimeWarning: invalid value encountered in divide
  c /= stddev[None, :]
C:\Users\vishn\AppData\Local\Programs\Python\Python310\lib\site-packages\numpy\lib\_function_base_impl.py:3045: RuntimeWarning: invalid value encountered in divide
  c /= stddev[:, None]
C:\Users\vishn\AppData\Local\Programs\Python\Python310\lib\site-packages\numpy\lib\_function_base_impl.py:3046: RuntimeWarning: invalid value encountered in divide
  c /= stddev[None, :]
C:\Users\vishn\Desktop\College\SEMISTER\CSE 6th SEM\Data Science\Project 1\electricity_theft_and_anomaly_detection\api\main.py:350: FutureWarning: The behavior of DataFrame concatenation with empty or all-NA entries is deprecated. In a future version, this will no longer exclude empty or all-NA columns when determining the result dtypes. To retain the old behavior, exclude the relevant entries before the concat operation.
  return pd.concat([history_slice, recent_slice], ignore_index=True)
C:\Users\vishn\AppData\Local\Programs\Python\Python310\lib\site-packages\numpy\lib\_function_base_impl.py:3045: RuntimeWarning: invalid value encountered in divide
  c /= stddev[:, None]
C:\Users\vishn\AppData\Local\Programs\Python\Python310\lib\site-packages\numpy\lib\_function_base_impl.py:3046: RuntimeWarning: invalid value encountered in divide
  c /= stddev[None, :]
C:\Users\vishn\AppData\Local\Programs\Python\Python310\lib\site-packages\numpy\lib\_function_base_impl.py:3045: RuntimeWarning: invalid value encountered in divide
  c /= stddev[:, None]
C:\Users\vishn\AppData\Local\Programs\Python\Python310\lib\site-packages\numpy\lib\_function_base_impl.py:3046: RuntimeWarning: invalid value encountered in divide
  c /= stddev[None, :]
C:\Users\vishn\AppData\Local\Programs\Python\Python310\lib\site-packages\numpy\lib\_function_base_impl.py:3045: RuntimeWarning: invalid value encountered in divide
  c /= stddev[:, None]
C:\Users\vishn\AppData\Local\Programs\Python\Python310\lib\site-packages\numpy\lib\_function_base_impl.py:3046: RuntimeWarning: invalid value encountered in divide
  c /= stddev[None, :]
C:\Users\vishn\AppData\Local\Programs\Python\Python310\lib\site-packages\numpy\lib\_function_base_impl.py:3045: RuntimeWarning: invalid value encountered in divide
  c /= stddev[:, None]
C:\Users\vishn\AppData\Local\Programs\Python\Python310\lib\site-packages\numpy\lib\_function_base_impl.py:3046: RuntimeWarning: invalid value encountered in divide
  c /= stddev[None, :]
C:\Users\vishn\Desktop\College\SEMISTER\CSE 6th SEM\Data Science\Project 1\electricity_theft_and_anomaly_detection\api\main.py:350: FutureWarning: The behavior of DataFrame concatenation with empty or all-NA entries is deprecated. In a future version, this will no longer exclude empty or all-NA columns when determining the result dtypes. To retain the old behavior, exclude the relevant entries before the concat operation.
  return pd.concat([history_slice, recent_slice], ignore_index=True)
C:\Users\vishn\AppData\Local\Programs\Python\Python310\lib\site-packages\numpy\lib\_function_base_impl.py:3045: RuntimeWarning: invalid value encountered in divide
  c /= stddev[:, None]
C:\Users\vishn\AppData\Local\Programs\Python\Python310\lib\site-packages\numpy\lib\_function_base_impl.py:3046: RuntimeWarning: invalid value encountered in divide
  c /= stddev[None, :]
C:\Users\vishn\AppData\Local\Programs\Python\Python310\lib\site-packages\numpy\lib\_function_base_impl.py:3045: RuntimeWarning: invalid value encountered in divide
  c /= stddev[:, None]
C:\Users\vishn\AppData\Local\Programs\Python\Python310\lib\site-packages\numpy\lib\_function_base_impl.py:3046: RuntimeWarning: invalid value encountered in divide
  c /= stddev[None, :]
C:\Users\vishn\AppData\Local\Programs\Python\Python310\lib\site-packages\numpy\lib\_function_base_impl.py:3045: RuntimeWarning: invalid value encountered in divide
  c /= stddev[:, None]
C:\Users\vishn\AppData\Local\Programs\Python\Python310\lib\site-packages\numpy\lib\_function_base_impl.py:3046: RuntimeWarning: invalid value encountered in divide
  c /= stddev[None, :]
C:\Users\vishn\AppData\Local\Programs\Python\Python310\lib\site-packages\numpy\lib\_function_base_impl.py:3045: RuntimeWarning: invalid value encountered in divide
  c /= stddev[:, None]
C:\Users\vishn\AppData\Local\Programs\Python\Python310\lib\site-packages\numpy\lib\_function_base_impl.py:3046: RuntimeWarning: invalid value encountered in divide
  c /= stddev[None, :]
C:\Users\vishn\Desktop\College\SEMISTER\CSE 6th SEM\Data Science\Project 1\electricity_theft_and_anomaly_detection\api\main.py:350: FutureWarning: The behavior of DataFrame concatenation with empty or all-NA entries is deprecated. In a future version, this will no longer exclude empty or all-NA columns when determining the result dtypes. To retain the old behavior, exclude the relevant entries before the concat operation.
  return pd.concat([history_slice, recent_slice], ignore_index=True)
C:\Users\vishn\AppData\Local\Programs\Python\Python310\lib\site-packages\numpy\lib\_function_base_impl.py:3045: RuntimeWarning: invalid value encountered in divide
  c /= stddev[:, None]
C:\Users\vishn\AppData\Local\Programs\Python\Python310\lib\site-packages\numpy\lib\_function_base_impl.py:3046: RuntimeWarning: invalid value encountered in divide
  c /= stddev[None, :]
C:\Users\vishn\AppData\Local\Programs\Python\Python310\lib\site-packages\numpy\lib\_function_base_impl.py:3045: RuntimeWarning: invalid value encountered in divide
  c /= stddev[:, None]
C:\Users\vishn\AppData\Local\Programs\Python\Python310\lib\site-packages\numpy\lib\_function_base_impl.py:3046: RuntimeWarning: invalid value encountered in divide
  c /= stddev[None, :]
C:\Users\vishn\AppData\Local\Programs\Python\Python310\lib\site-packages\numpy\lib\_function_base_impl.py:3045: RuntimeWarning: invalid value encountered in divide
  c /= stddev[:, None]
C:\Users\vishn\AppData\Local\Programs\Python\Python310\lib\site-packages\numpy\lib\_function_base_impl.py:3046: RuntimeWarning: invalid value encountered in divide
  c /= stddev[None, :]
C:\Users\vishn\AppData\Local\Programs\Python\Python310\lib\site-packages\numpy\lib\_function_base_impl.py:3045: RuntimeWarning: invalid value encountered in divide
  c /= stddev[:, None]
C:\Users\vishn\AppData\Local\Programs\Python\Python310\lib\site-packages\numpy\lib\_function_base_impl.py:3046: RuntimeWarning: invalid value encountered in divide
  c /= stddev[None, :]
INFO:     127.0.0.1:61244 - "WebSocket /ws/live" [accepted]
INFO:     connection open
INFO:     127.0.0.1:61048 - "WebSocket /ws/live" [accepted]
INFO:     connection open
INFO:     127.0.0.1:63392 - "WebSocket /ws/live" [accepted]
INFO:     connection open
C:\Users\vishn\Desktop\College\SEMISTER\CSE 6th SEM\Data Science\Project 1\electricity_theft_and_anomaly_detection\api\main.py:350: FutureWarning: The behavior of DataFrame concatenation with empty or all-NA entries is deprecated. In a future version, this will no longer exclude empty or all-NA columns when determining the result dtypes. To retain the old behavior, exclude the relevant entries before the concat operation.
  return pd.concat([history_slice, recent_slice], ignore_index=True)
C:\Users\vishn\AppData\Local\Programs\Python\Python310\lib\site-packages\numpy\lib\_function_base_impl.py:3045: RuntimeWarning: invalid value encountered in divide
  c /= stddev[:, None]
C:\Users\vishn\AppData\Local\Programs\Python\Python310\lib\site-packages\numpy\lib\_function_base_impl.py:3046: RuntimeWarning: invalid value encountered in divide
  c /= stddev[None, :]
C:\Users\vishn\AppData\Local\Programs\Python\Python310\lib\site-packages\numpy\lib\_function_base_impl.py:3045: RuntimeWarning: invalid value encountered in divide
  c /= stddev[:, None]
C:\Users\vishn\AppData\Local\Programs\Python\Python310\lib\site-packages\numpy\lib\_function_base_impl.py:3046: RuntimeWarning: invalid value encountered in divide
  c /= stddev[None, :]
C:\Users\vishn\AppData\Local\Programs\Python\Python310\lib\site-packages\numpy\lib\_function_base_impl.py:3045: RuntimeWarning: invalid value encountered in divide
  c /= stddev[:, None]
C:\Users\vishn\AppData\Local\Programs\Python\Python310\lib\site-packages\numpy\lib\_function_base_impl.py:3046: RuntimeWarning: invalid value encountered in divide
  c /= stddev[None, :]
C:\Users\vishn\AppData\Local\Programs\Python\Python310\lib\site-packages\numpy\lib\_function_base_impl.py:3045: RuntimeWarning: invalid value encountered in divide
  c /= stddev[:, None]
C:\Users\vishn\AppData\Local\Programs\Python\Python310\lib\site-packages\numpy\lib\_function_base_impl.py:3046: RuntimeWarning: invalid value encountered in divide
  c /= stddev[None, :]
INFO:     127.0.0.1:56586 - "WebSocket /ws/live" [accepted]
INFO:     connection open
INFO:     127.0.0.1:50349 - "WebSocket /ws/live" [accepted]
INFO:     connection open
C:\Users\vishn\Desktop\College\SEMISTER\CSE 6th SEM\Data Science\Project 1\electricity_theft_and_anomaly_detection\api\main.py:350: FutureWarning: The behavior of DataFrame concatenation with empty or all-NA entries is deprecated. In a future version, this will no longer exclude empty or all-NA columns when determining the result dtypes. To retain the old behavior, exclude the relevant entries before the concat operation.
  return pd.concat([history_slice, recent_slice], ignore_index=True)
C:\Users\vishn\AppData\Local\Programs\Python\Python310\lib\site-packages\numpy\lib\_function_base_impl.py:3045: RuntimeWarning: invalid value encountered in divide
  c /= stddev[:, None]
C:\Users\vishn\AppData\Local\Programs\Python\Python310\lib\site-packages\numpy\lib\_function_base_impl.py:3046: RuntimeWarning: invalid value encountered in divide
  c /= stddev[None, :]
C:\Users\vishn\AppData\Local\Programs\Python\Python310\lib\site-packages\numpy\lib\_function_base_impl.py:3045: RuntimeWarning: invalid value encountered in divide
  c /= stddev[:, None]
C:\Users\vishn\AppData\Local\Programs\Python\Python310\lib\site-packages\numpy\lib\_function_base_impl.py:3046: RuntimeWarning: invalid value encountered in divide
  c /= stddev[None, :]
C:\Users\vishn\AppData\Local\Programs\Python\Python310\lib\site-packages\numpy\lib\_function_base_impl.py:3045: RuntimeWarning: invalid value encountered in divide
  c /= stddev[:, None]
C:\Users\vishn\AppData\Local\Programs\Python\Python310\lib\site-packages\numpy\lib\_function_base_impl.py:3046: RuntimeWarning: invalid value encountered in divide
  c /= stddev[None, :]
C:\Users\vishn\AppData\Local\Programs\Python\Python310\lib\site-packages\numpy\lib\_function_base_impl.py:3045: RuntimeWarning: invalid value encountered in divide
  c /= stddev[:, None]
C:\Users\vishn\AppData\Local\Programs\Python\Python310\lib\site-packages\numpy\lib\_function_base_impl.py:3046: RuntimeWarning: invalid value encountered in divide
  c /= stddev[None, :]
C:\Users\vishn\Desktop\College\SEMISTER\CSE 6th SEM\Data Science\Project 1\electricity_theft_and_anomaly_detection\api\main.py:350: FutureWarning: The behavior of DataFrame concatenation with empty or all-NA entries is deprecated. In a future version, this will no longer exclude empty or all-NA columns when determining the result dtypes. To retain the old behavior, exclude the relevant entries before the concat operation.
  return pd.concat([history_slice, recent_slice], ignore_index=True)
